State,Abbreviation,County,Population,Temperature,Precipitation,Palmer-Z,Land-Prices,temp-class,pop-class,preci-class,palm-class,land-class
Georgia,GA,Appling,18428,68.0,52.38,0.15,3494.0,5,5,1,6,3
Georgia,GA,Atkinson,8183,67.6,50.33,0.04,2839.0,5,7,3,5,2
Georgia,GA,Bacon,11191,68.2,51.25,0.06,3547.0,5,6,1,5,3
Georgia,GA,Baker,2788,68.6,45.67,-0.43,3303.0,5,7,5,3,2
Georgia,GA,Baldwin,43635,65.4,49.83,0.33,0.0,5,3,3,7,2
Georgia,GA,Banks,19328,62.2,59.92,0.38,0.0,6,5,1,7,2
Georgia,GA,Barrow,89299,62.9,59.35,0.51,0.0,6,2,1,7,2
Georgia,GA,Bartow,112816,61.5,53.1,-0.12,5007.0,6,2,1,4,4
Georgia,GA,Ben-Hill,17069,67.0,47.78,-0.07,0.0,5,5,3,5,2
Georgia,GA,Berrien,18214,67.3,46.54,-0.19,3336.0,5,5,3,4,2
Georgia,GA,Bibb,156197,65.6,47.17,0.09,7876.0,5,1,3,5,7
Georgia,GA,Bleckley,12257,66.2,46.57,-0.07,3862.0,5,6,3,5,3
Georgia,GA,Brantley,18183,69.3,51.14,-0.3,4070.0,5,5,1,3,3
Georgia,GA,Brooks,16253,68.4,42.33,-0.88,3345.0,5,5,5,1,2
Georgia,GA,Bryan,48225,68.2,51.39,0.03,0.0,5,3,1,5,2
Georgia,GA,Bulloch,83059,67.3,54.86,0.5,3827.0,5,2,1,7,3
Georgia,GA,Burke,24388,65.4,55.9,0.86,3289.0,5,5,1,7,2
Georgia,GA,Butts,26649,64.4,50.04,-0.17,5373.0,5,4,3,4,4
Georgia,GA,Calhoun,5469,67.9,47.06,-0.33,2881.0,5,7,3,3,2
Georgia,GA,Camden,57013,70.4,47.25,-0.66,0.0,5,3,3,2,2
Georgia,GA,Candler,11000,67.1,54.46,0.59,3332.0,5,6,1,7,2
Georgia,GA,Carroll,124592,62.1,58.95,0.28,0.0,6,2,1,6,2
Georgia,GA,Catoosa,68826,60.9,52.55,-0.16,7028.0,6,2,1,4,6
Georgia,GA,Charlton,12781,70.0,47.69,-0.42,0.0,5,6,3,3,2
Georgia,GA,Chatham,301107,68.4,46.74,-0.27,0.0,5,1,3,3,2
Georgia,GA,Chattahoochee,8819,65.5,53.1,0.4,0.0,5,6,1,7,2
Georgia,GA,Chattooga,24936,61.0,62.4,0.52,3558.0,6,5,1,7,3
Georgia,GA,Cherokee,281278,60.9,55.3,-0.05,0.0,6,1,1,5,2
Georgia,GA,Clarke,129875,63.5,60.49,0.64,0.0,6,2,1,7,2
Georgia,GA,Clay,2845,67.2,46.66,-0.38,2954.0,5,7,3,3,2
Georgia,GA,Clayton,296564,63.6,51.14,-0.19,0.0,6,1,1,4,2
Georgia,GA,Clinch,6662,68.6,47.31,-0.35,3594.0,5,7,3,3,3
Georgia,GA,Cobb,771952,62.3,52.98,-0.15,0.0,6,1,1,4,2
Georgia,GA,Coffee,43172,67.3,49.86,0.03,3390.0,5,3,3,5,2
Georgia,GA,Colquitt,45762,67.8,42.33,-0.72,3500.0,5,3,5,2,3
Georgia,GA,Columbia,162419,64.2,54.92,0.75,0.0,5,1,1,7,2
Georgia,GA,Cook,17404,67.6,43.02,-0.58,3478.0,5,5,5,2,3
Georgia,GA,Coweta,152882,63.3,53.64,-0.06,0.0,6,1,1,5,2
Georgia,GA,Crawford,12140,65.2,47.99,0.0,4393.0,5,6,3,5,3
Georgia,GA,Crisp,19708,67.3,48.17,-0.02,3364.0,5,5,3,5,2
Georgia,GA,Dade,16081,59.8,55.62,0.07,0.0,7,5,1,5,2
Georgia,GA,Dawson,30138,59.5,63.14,0.23,0.0,7,4,1,6,2
Georgia,GA,Decatur,28982,69.2,39.34,-1.12,3990.0,5,4,5,1,3
Georgia,GA,DeKalb,762820,63.1,55.32,0.09,0.0,6,1,1,5,2
Georgia,GA,Dodge,19802,66.3,45.8,-0.13,3423.0,5,5,5,4,3
Georgia,GA,Dooly,10572,66.8,48.17,-0.02,3188.0,5,6,3,5,2
Georgia,GA,Dougherty,82966,68.4,46.82,-0.19,4847.0,5,2,3,4,4
Georgia,GA,Douglas,147316,62.5,54.96,0.0,0.0,6,1,1,5,2
Georgia,GA,Early,10574,68.2,41.69,-0.82,3610.0,5,6,5,1,3
Georgia,GA,Echols,3686,68.7,43.66,-0.64,3585.0,5,7,5,2,3
Georgia,GA,Effingham,69041,67.6,52.0,0.15,4100.0,5,2,1,6,3
Georgia,GA,Elbert,19814,63.1,52.01,0.15,3856.0,6,5,1,6,3
Georgia,GA,Emanuel,22929,66.3,53.15,0.55,3096.0,5,5,1,7,2
Georgia,GA,Evans,10695,67.8,56.46,0.62,3686.0,5,6,1,7,3
Georgia,GA,Fannin,25737,57.0,64.85,0.35,0.0,7,4,1,7,2
Georgia,GA,Fayette,122030,63.7,50.23,-0.28,0.0,6,2,3,3,2
Georgia,GA,Floyd,99443,61.5,58.55,0.32,4820.0,6,2,1,6,4
Georgia,GA,Forsyth,267237,60.9,58.55,0.38,0.0,6,1,1,7,2
Georgia,GA,Franklin,24128,62.1,55.46,0.27,4464.0,6,5,1,6,4
Georgia,GA,Fulton,1074634,62.8,54.31,-0.01,0.0,6,1,1,5,2
Georgia,GA,Gilmer,32407,58.0,66.61,0.3,0.0,7,4,1,6,2
Georgia,GA,Glascock,2939,64.4,54.77,0.71,3383.0,5,7,1,7,2
Georgia,GA,Glynn,85079,70.1,47.25,-0.6,0.0,5,2,3,2,2
Georgia,GA,Gordon,58954,61.2,59.0,0.3,4136.0,6,3,1,6,3
Georgia,GA,Grady,26008,69.2,43.43,-0.84,3717.0,5,4,5,1,3
Georgia,GA,Greene,20139,64.3,54.75,0.48,0.0,5,5,1,7,2
Georgia,GA,Gwinnett,975353,62.3,58.14,0.42,0.0,6,1,1,7,2
Georgia,GA,Habersham,47475,59.6,62.92,-0.12,0.0,7,3,1,4,2
Georgia,GA,Hall,212692,61.3,60.66,0.34,0.0,6,1,1,7,2
Georgia,GA,Hancock,8387,64.7,52.82,0.52,0.0,5,7,1,7,2
Georgia,GA,Haralson,31337,61.3,56.84,0.1,0.0,6,4,1,5,2
Georgia,GA,Harris,36276,64.0,56.76,0.37,0.0,5,4,1,7,2
Georgia,GA,Hart,26909,62.1,52.06,0.1,5071.0,6,4,1,5,4
Georgia,GA,Heard,11725,63.0,58.68,0.32,0.0,6,6,1,6,2
Georgia,GA,Henry,248364,63.9,52.38,-0.06,6867.0,5,1,1,5,6
Georgia,GA,Houston,169631,66.2,47.21,-0.05,5962.0,5,1,3,5,5
Georgia,GA,Irwin,9126,67.0,48.03,-0.05,3246.0,5,6,3,5,2
Georgia,GA,Jackson,83936,62.9,60.2,0.58,6800.0,6,2,1,7,6
Georgia,GA,Jasper,15951,64.6,47.53,-0.3,0.0,5,5,3,3,2
Georgia,GA,Jeff-Davis,14889,67.2,50.22,0.09,0.0,5,6,3,5,2
Georgia,GA,Jefferson,15314,64.8,54.76,0.77,3293.0,5,6,1,7,2
Georgia,GA,Jenkins,8689,66.0,51.46,0.33,2788.0,5,6,1,7,2
Georgia,GA,Johnson,9242,65.8,53.41,0.64,3068.0,5,6,1,7,2
Georgia,GA,Jones,28472,65.1,47.07,-0.04,0.0,5,4,3,5,2
Georgia,GA,Lamar,19467,64.2,49.51,-0.27,4361.0,5,5,3,3,3
Georgia,GA,Lanier,10171,67.7,46.64,-0.3,3276.0,5,6,3,3,2
Georgia,GA,Laurens,49660,66.2,49.26,0.21,4248.0,5,3,3,6,3
Georgia,GA,Lee,33642,67.8,48.16,-0.14,5181.0,5,4,3,4,4
Georgia,GA,Liberty,68030,68.5,50.44,-0.07,0.0,5,2,3,5,2
Georgia,GA,Lincoln,7841,63.6,50.01,0.25,0.0,6,7,3,6,2
Georgia,GA,Long,18348,68.6,51.63,-0.02,3994.0,5,5,1,5,3
Georgia,GA,Lowndes,119739,68.2,43.73,-0.64,4948.0,5,2,5,2,4
Georgia,GA,Lumpkin,34796,58.7,66.19,0.17,0.0,7,4,1,6,2
Georgia,GA,McDuffie,21713,63.9,54.62,0.64,4310.0,5,5,1,7,3
Georgia,GA,McIntosh,11180,69.5,48.25,-0.39,0.0,5,6,3,3,2
Georgia,GA,Macon,11765,66.1,48.58,-0.02,3648.0,5,6,3,5,3
Georgia,GA,Madison,31473,62.9,59.13,0.58,5256.0,6,4,1,7,4
Georgia,GA,Marion,7449,65.2,52.31,0.21,3621.0,5,7,1,6,3
Georgia,GA,Meriwether,20845,63.6,52.11,-0.14,0.0,6,5,1,4,2
Georgia,GA,Miller,5807,68.6,40.7,-0.89,3868.0,5,7,5,1,3
Georgia,GA,Mitchell,21116,68.7,44.99,-0.45,3750.0,5,5,5,2,3
Georgia,GA,Monroe,29427,64.7,47.73,-0.2,4433.0,5,4,3,4,4
Georgia,GA,Montgomery,8655,66.9,52.47,0.35,3499.0,5,6,1,7,3
Georgia,GA,Morgan,21031,64.4,52.39,0.16,5946.0,5,5,1,6,5
Georgia,GA,Murray,40472,60.2,62.56,0.44,3503.0,7,3,1,7,3
Georgia,GA,Muscogee,202616,65.2,54.72,0.41,0.0,5,1,1,7,2
Georgia,GA,Newton,117621,63.9,51.99,-0.03,5342.0,5,2,1,5,4
Georgia,GA,Oconee,43588,63.8,60.09,0.63,0.0,6,3,1,7,2
Georgia,GA,Oglethorpe,15469,63.6,56.86,0.5,4615.0,6,5,1,7,4
Georgia,GA,Paulding,178421,61.8,51.7,-0.27,0.0,6,1,1,3,2
Georgia,GA,Peach,28562,65.7,47.56,0.03,6322.0,5,4,3,5,6
Georgia,GA,Pickens,34826,59.6,61.92,0.2,0.0,7,4,1,6,2
Georgia,GA,Pierce,20168,69.0,52.47,0.03,4142.0,5,5,1,5,3
Georgia,GA,Pike,19990,64.0,49.21,-0.36,5196.0,5,5,3,3,4
Georgia,GA,Polk,43709,61.6,53.5,-0.11,3835.0,6,3,1,4,3
Georgia,GA,Pulaski,9984,66.6,46.94,-0.11,3421.0,5,6,3,4,3
Georgia,GA,Putnam,22984,64.8,47.94,-0.07,5386.0,5,5,3,5,4
Georgia,GA,Quitman,2249,66.4,48.49,-0.11,2987.0,5,7,3,4,2
Georgia,GA,Rabun,17206,57.1,61.0,-0.42,0.0,7,5,1,3,2
Georgia,GA,Randolph,6116,66.8,48.49,-0.2,3201.0,5,7,3,4,2
Georgia,GA,Richmond,206640,65.1,56.72,0.98,5109.0,5,1,1,7,4
Georgia,GA,Rockdale,94984,63.5,54.54,0.09,6532.0,6,2,1,5,6
Georgia,GA,Schley,4496,65.9,49.89,0.02,4134.0,5,7,3,5,3
Georgia,GA,Screven,13977,66.4,51.35,0.24,3245.0,5,6,1,6,2
Georgia,GA,Seminole,9127,68.9,36.99,-1.19,4245.0,5,6,7,1,3
Georgia,GA,Spalding,68919,64.1,50.55,-0.21,5371.0,5,2,3,4,4
Georgia,GA,Stephens,26767,61.1,58.41,0.12,0.0,6,4,1,6,2
Georgia,GA,Stewart,4648,65.8,51.05,0.18,2870.0,5,7,1,6,2
Georgia,GA,Sumter,28877,66.9,48.67,-0.1,3905.0,5,4,3,4,3
Georgia,GA,Talbot,5747,64.3,55.0,0.3,0.0,5,7,1,6,2
Georgia,GA,Taliaferro,1600,63.9,53.55,0.38,0.0,5,7,1,7,2
Georgia,GA,Tattnall,24064,67.9,55.58,0.53,4164.0,5,5,1,7,3
Georgia,GA,Taylor,7737,65.1,50.54,0.1,3449.0,5,7,3,5,3
Georgia,GA,Telfair,12354,66.9,47.95,-0.03,2850.0,5,6,3,5,2
Georgia,GA,Terrell,8754,67.4,48.53,-0.2,3583.0,5,6,3,4,3
Georgia,GA,Thomas,45561,68.8,43.13,-0.86,4497.0,5,3,5,1,4
Georgia,GA,Tift,41412,67.1,46.19,-0.23,4932.0,5,3,3,3,4
Georgia,GA,Toombs,26837,67.4,54.0,0.47,3707.0,5,4,1,7,3
Georgia,GA,Towns,12972,56.5,63.22,0.03,0.0,7,6,1,5,2
Georgia,GA,Treutlen,6365,66.5,52.96,0.49,3114.0,5,7,1,7,2
Georgia,GA,Troup,70191,63.5,56.52,0.27,0.0,6,2,1,6,2
Georgia,GA,Turner,8842,67.0,47.78,-0.1,3286.0,5,6,3,4,2
Georgia,GA,Twiggs,7680,65.9,47.12,0.04,4095.0,5,7,3,5,3
Georgia,GA,Union,26388,56.7,65.8,0.33,0.0,7,4,1,7,2
Georgia,GA,Upson,28086,64.4,49.95,-0.12,5997.0,5,4,3,4,5
Georgia,GA,Walker,68915,60.4,55.59,0.07,3987.0,7,2,1,5,3
Georgia,GA,Walton,103065,63.4,57.19,0.38,6056.0,6,2,1,7,5
Georgia,GA,Ware,35614,69.1,50.19,-0.16,3759.0,5,4,3,4,3
Georgia,GA,Warren,5155,64.0,54.66,0.6,3350.0,5,7,1,7,2
Georgia,GA,Washington,19738,65.4,53.49,0.65,3669.0,5,5,1,7,3
Georgia,GA,Wayne,30896,68.8,51.6,-0.16,3465.0,5,4,1,4,3
Georgia,GA,Webster,2328,66.1,49.42,-0.08,3327.0,5,7,3,5,2
Georgia,GA,Wheeler,7314,66.8,49.94,0.16,2690.0,5,7,3,6,2
Georgia,GA,White,28806,58.9,67.22,0.15,0.0,7,4,1,6,2
Georgia,GA,Whitfield,103132,60.9,56.77,0.13,5162.0,6,2,1,6,4
Georgia,GA,Wilcox,8761,66.9,47.04,-0.09,2895.0,5,6,3,4,2
Georgia,GA,Wilkes,9599,63.6,50.58,0.11,0.0,6,6,3,6,2
Georgia,GA,Wilkinson,8681,65.9,49.2,0.26,4169.0,5,6,3,6,3
Georgia,GA,Worth,20424,67.6,45.95,-0.32,3608.0,5,5,3,3,3
Illinois,IL,Adams,64725,54.0,30.11,-0.67,6275.0,4,2,4,2,6
Illinois,IL,Alexander,4858,58.9,52.64,0.13,5186.0,7,7,1,6,4
Illinois,IL,Bond,16566,56.1,34.56,-0.33,6789.0,7,5,7,3,6
Illinois,IL,Boone,53154,49.4,34.41,0.36,8521.0,2,3,7,7,7
Illinois,IL,Brown,6330,53.3,28.95,-0.61,6997.0,4,7,4,2,6
Illinois,IL,Bureau,32828,51.1,30.14,-0.33,7541.0,3,4,4,3,7
Illinois,IL,Calhoun,4360,55.4,32.64,-0.24,6161.0,7,7,6,3,5
Illinois,IL,Carroll,15529,49.7,31.8,0.08,8223.0,2,5,6,5,7
Illinois,IL,Cass,12657,53.4,33.07,-0.07,6595.0,4,6,6,5,6
Illinois,IL,Champaign,206542,53.1,30.67,-0.88,10122.0,4,1,4,1,7
Illinois,IL,Christian,33436,54.3,34.53,0.1,11403.0,4,4,7,5,7
Illinois,IL,Clark,15229,55.0,35.47,-0.35,6062.0,7,6,7,3,5
Illinois,IL,Clay,13047,56.1,40.96,0.3,5417.0,7,6,5,6,4
Illinois,IL,Clinton,36909,56.7,36.73,-0.43,8242.0,7,4,7,3,7
Illinois,IL,Coles,46334,54.3,33.51,-0.47,10252.0,4,3,6,2,7
Illinois,IL,Cook,5109292,51.5,32.59,-0.38,96178.0,3,1,6,3,7
Illinois,IL,Crawford,18536,55.6,34.78,-0.53,6849.0,7,5,7,2,6
Illinois,IL,Cumberland,10324,54.9,35.4,-0.13,7605.0,4,6,7,4,7
Illinois,IL,DeKalb,100232,49.9,32.4,0.09,8720.121212121212,2,2,6,5,7
Illinois,IL,De-Witt,15310,53.3,32.88,-0.51,9275.0,4,6,6,2,7
Illinois,IL,Douglas,19755,54.0,32.97,-0.74,9290.0,4,5,6,1,7
Illinois,IL,DuPage,920901,51.2,33.0,-0.3,8720.121212121212,3,1,6,3,7
Illinois,IL,Edgar,16433,53.8,34.03,-0.6,8455.0,4,5,7,2,7
Illinois,IL,Edwards,6071,56.7,41.29,-0.23,6946.0,7,7,5,3,6
Illinois,IL,Effingham,34325,55.2,36.6,0.05,8857.0,7,4,7,5,7
Illinois,IL,Fayette,21305,55.5,32.8,-0.32,5387.0,7,5,6,3,4
Illinois,IL,Ford,13249,52.4,32.43,-0.43,8204.0,4,6,6,3,7
Illinois,IL,Franklin,37242,57.2,44.08,-0.11,5944.0,7,3,5,4,5
Illinois,IL,Fulton,33021,53.3,31.08,-0.74,6282.0,4,4,6,1,6
Illinois,IL,Gallatin,4855,57.6,38.02,-0.89,6540.0,7,7,7,1,6
Illinois,IL,Greene,11651,54.7,32.28,-0.17,7867.0,4,6,6,4,7
Illinois,IL,Grundy,53041,51.8,28.87,-0.77,9294.0,3,3,4,1,7
Illinois,IL,Hamilton,7984,57.1,39.11,-0.63,6031.0,7,7,5,2,5
Illinois,IL,Hancock,17244,53.1,33.83,-0.17,6921.0,4,5,7,4,6
Illinois,IL,Hardin,3597,57.9,41.24,-0.75,4700.0,7,7,5,1,4
Illinois,IL,Henderson,6151,52.1,32.65,-0.6,7596.0,3,7,6,2,7
Illinois,IL,Henry,48419,51.3,29.61,-0.45,7399.0,3,3,4,2,7
Illinois,IL,Iroquois,26473,52.0,32.62,-0.41,6694.0,3,4,6,3,6
Illinois,IL,Jackson,52617,57.2,45.36,-0.22,5756.0,7,3,5,4,5
Illinois,IL,Jasper,9212,55.5,37.84,0.01,7836.0,7,6,7,5,7
Illinois,IL,Jefferson,36400,57.0,36.39,-0.79,6073.0,7,4,7,1,5
Illinois,IL,Jersey,21246,55.7,31.87,-0.4,6728.0,7,5,6,3,6
Illinois,IL,Jo-Daviess,21758,48.7,31.85,0.17,6224.0,2,5,6,6,6
Illinois,IL,Johnson,13381,57.7,52.92,0.22,4905.0,7,6,1,6,4
Illinois,IL,Kane,514182,50.3,33.26,0.03,11284.0,3,1,6,5,7
Illinois,IL,Kankakee,106074,51.7,30.74,-0.58,7958.0,3,2,4,2,7
Illinois,IL,Kendall,137254,51.2,31.34,-0.38,9797.0,3,2,6,3,7
Illinois,IL,Knox,48640,51.8,33.71,-0.25,9186.0,3,3,7,3,7
Illinois,IL,Lake,709150,50.3,32.82,-0.08,10071.0,3,1,6,5,7
Illinois,IL,LaSalle,108078,51.3,30.42,-0.4,8720.121212121212,3,2,4,3,7
Illinois,IL,Lawrence,14914,56.0,39.67,-0.11,5951.0,7,6,5,4,5
Illinois,IL,Lee,33848,50.4,33.61,0.19,7308.0,3,4,6,6,7
Illinois,IL,Livingston,35521,52.6,31.92,-0.47,8063.0,4,4,6,2,7
Illinois,IL,Logan,27591,53.6,32.47,-0.24,8081.0,4,4,6,3,7
Illinois,IL,McDonough,26861,52.4,33.2,-0.33,10211.0,4,4,6,3,7
Illinois,IL,McHenry,311747,49.6,31.06,-0.18,9365.0,2,1,6,4,7
Illinois,IL,McLean,171141,53.0,31.64,-0.74,9593.0,4,1,6,1,7
Illinois,IL,Macon,101483,53.8,32.82,-0.2,11558.0,4,2,6,4,7
Illinois,IL,Macoupin,44245,54.8,33.36,-0.14,9831.0,4,3,6,4,7
Illinois,IL,Madison,263864,56.3,34.75,-0.15,8036.0,7,1,7,4,7
Illinois,IL,Marion,36914,56.3,38.63,-0.11,5533.0,7,4,5,4,5
Illinois,IL,Marshall,11678,52.3,30.23,-0.55,9807.0,4,6,4,2,7
Illinois,IL,Mason,12748,53.8,31.17,-0.32,8031.0,4,6,6,3,7
Illinois,IL,Massac,13896,58.9,55.27,0.2,5368.0,7,6,1,6,4
Illinois,IL,Menard,12121,53.4,32.7,0.01,10037.0,4,6,6,5,7
Illinois,IL,Mercer,15504,51.7,30.37,-0.49,8094.0,3,5,4,2,7
Illinois,IL,Monroe,35033,57.5,33.75,-0.73,7885.0,7,4,7,1,7
Illinois,IL,Montgomery,28020,54.9,36.14,0.2,6626.0,4,4,7,6,6
Illinois,IL,Morgan,32209,53.6,33.92,0.05,7904.0,4,4,7,5,7
Illinois,IL,Moultrie,14323,54.0,32.7,-0.53,11403.0,4,6,6,2,7
Illinois,IL,Ogle,51351,49.7,32.68,0.17,7947.0,2,3,6,6,7
Illinois,IL,Peoria,178383,53.3,32.76,-0.55,10250.0,4,1,6,2,7
Illinois,IL,Perry,20588,57.0,41.3,-0.37,5403.0,7,5,5,3,4
Illinois,IL,Piatt,16723,53.5,31.88,-0.65,11530.0,4,5,6,2,7
Illinois,IL,Pike,14484,54.2,30.64,-0.58,6550.0,4,6,4,2,6
Illinois,IL,Pope,3770,57.9,49.51,-0.19,5559.0,7,7,3,4,5
Illinois,IL,Pulaski,4991,58.9,55.93,0.38,5460.0,7,7,1,7,4
Illinois,IL,Putnam,5572,51.9,28.44,-0.53,9486.0,3,7,4,2,7
Illinois,IL,Randolph,30068,56.9,39.17,-0.42,5581.0,7,4,5,3,5
Illinois,IL,Richland,15435,56.0,40.43,0.21,7121.0,7,5,5,6,6
Illinois,IL,Rock-Island,141527,51.7,28.79,-0.71,8397.0,3,1,4,2,7
Illinois,IL,St-Clair,252671,57.0,34.7,-0.47,7887.0,7,1,7,2,7
Illinois,IL,Saline,23087,57.3,41.51,-0.49,6026.0,7,5,5,2,5
Illinois,IL,Sangamon,194534,53.8,33.71,0.14,12029.0,4,1,7,6,7
Illinois,IL,Schuyler,6746,53.2,31.64,-0.36,6846.0,4,7,6,3,6
Illinois,IL,Scott,4790,53.9,32.26,-0.14,7430.0,4,7,6,4,7
Illinois,IL,Shelby,20761,54.4,33.75,-0.1,9345.0,4,5,7,4,7
Illinois,IL,Stark,5345,51.7,30.31,-0.37,7690.0,3,7,4,3,7
Illinois,IL,Stephenson,43627,48.7,33.34,0.34,8314.0,2,3,6,7,7
Illinois,IL,Tazewell,129911,53.6,31.46,-0.63,9962.0,4,2,6,2,7
Illinois,IL,Union,16767,57.8,49.5,-0.05,5629.0,7,5,3,5,5
Illinois,IL,Vermilion,72337,52.7,31.4,-0.79,8928.0,4,2,6,1,7
Illinois,IL,Wabash,11087,56.6,41.74,-0.11,6276.0,7,6,5,4,6
Illinois,IL,Warren,16354,51.6,33.38,-0.43,9657.0,3,5,6,3,7
Illinois,IL,Washington,13643,56.8,37.82,-0.55,7980.0,7,6,7,2,7
Illinois,IL,Wayne,15872,56.8,37.9,-0.59,5434.0,7,5,7,2,4
Illinois,IL,White,13614,57.3,40.79,-0.53,6875.0,7,6,5,2,6
Illinois,IL,Whiteside,54658,50.9,30.41,-0.51,8274.0,3,3,4,2,7
Illinois,IL,Will,696757,51.4,30.84,-0.59,9105.0,3,1,4,2,7
Illinois,IL,Williamson,66695,57.1,47.44,0.07,6112.0,7,2,3,5,5
Illinois,IL,Winnebago,282188,49.5,33.55,0.29,8411.0,2,1,6,6,7
Illinois,IL,Woodford,38128,52.8,32.17,-0.52,11195.0,4,3,6,2,7
Indiana,IN,Adams,36068,51.9,34.23,-0.19,6903.0,3,4,7,4,6
Indiana,IN,Allen,391449,51.6,33.64,-0.03,7594.0,3,1,7,5,7
Indiana,IN,Bartholomew,83540,54.8,39.53,-0.26,7418.0,4,2,5,3,7
Indiana,IN,Benton,8719,52.0,33.29,-0.63,6733.0,3,6,6,2,6
Indiana,IN,Blackford,11919,52.4,31.74,-1.01,6083.0,4,6,6,1,5
Indiana,IN,Boone,74164,52.4,32.5,-0.99,8655.0,4,2,6,1,7
Indiana,IN,Brown,15570,54.1,41.55,-0.22,6156.0,4,5,5,4,5
Indiana,IN,Carroll,20555,52.2,31.85,-0.99,7482.0,4,5,6,1,7
Indiana,IN,Cass,37540,51.8,31.62,-0.94,6797.0,3,3,6,1,6
Indiana,IN,Clark,124237,56.0,45.18,0.21,6740.0,7,2,5,6,6
Indiana,IN,Clay,26379,54.6,36.98,-0.54,6127.0,4,4,7,2,5
Indiana,IN,Clinton,32843,52.2,32.48,-0.99,6763.0,4,4,6,1,6
Indiana,IN,Crawford,10536,54.9,47.31,0.33,4575.0,4,6,3,7,4
Indiana,IN,Daviess,33418,55.7,41.29,-0.11,6608.0,7,4,5,4,6
Indiana,IN,Dearborn,51138,54.8,40.95,-0.07,6403.0,4,3,5,5,6
Indiana,IN,Decatur,26416,54.1,38.25,-0.48,6826.0,4,4,7,2,6
Indiana,IN,DeKalb,43731,50.8,32.16,-0.1,6430.0,3,3,6,4,6
Indiana,IN,Delaware,112031,53.1,33.36,-0.94,7019.0,4,2,6,1,6
Indiana,IN,Dubois,43632,55.2,45.61,0.28,7369.0,7,3,5,6,7
Indiana,IN,Elkhart,206890,51.1,33.38,-0.41,8167.0,3,1,6,3,7
Indiana,IN,Fayette,23349,52.7,37.91,-0.34,6326.0,4,5,7,3,6
Indiana,IN,Floyd,80714,56.4,44.11,-0.14,8526.0,7,2,5,4,7
Indiana,IN,Fountain,16574,52.6,32.14,-0.78,6797.0,4,5,6,1,6
Indiana,IN,Franklin,23028,53.6,40.42,-0.22,6967.0,4,5,5,4,6
Indiana,IN,Fulton,20327,51.2,35.03,-0.46,6310.0,3,5,7,2,6
Indiana,IN,Gibson,32993,57.0,42.32,-0.36,7074.0,7,4,5,3,6
Indiana,IN,Grant,66022,52.4,33.64,-0.79,6826.0,4,2,7,1,6
Indiana,IN,Greene,31006,54.9,42.1,-0.3,6096.0,4,4,5,3,5
Indiana,IN,Hamilton,364921,52.8,33.7,-0.68,9848.0,4,1,7,2,7
Indiana,IN,Hancock,83070,53.4,36.46,-0.53,8537.0,4,2,7,2,7
Indiana,IN,Harrison,39851,56.2,45.16,-0.06,6238.0,7,3,5,5,6
Indiana,IN,Hendricks,182534,53.0,35.46,-0.75,8238.0,4,1,7,1,7
Indiana,IN,Henry,48915,52.5,35.2,-0.65,6680.0,4,3,7,2,6
Indiana,IN,Howard,83574,52.0,32.2,-0.89,7493.0,3,2,6,1,7
Indiana,IN,Huntington,36834,51.6,34.88,-0.21,6653.0,3,4,7,4,6
Indiana,IN,Jackson,46300,55.0,40.83,-0.18,6233.0,7,3,5,4,6
Indiana,IN,Jasper,33281,51.5,31.79,-0.63,6346.0,3,4,6,2,6
Indiana,IN,Jay,20198,52.0,32.59,-0.87,6005.0,3,5,6,1,5
Indiana,IN,Jefferson,32946,55.6,45.63,0.52,6106.0,7,4,5,7,5
Indiana,IN,Jennings,27536,55.1,39.0,-0.36,5658.0,7,4,5,3,5
Indiana,IN,Johnson,165782,54.0,38.19,-0.52,8510.0,4,1,7,2,7
Indiana,IN,Knox,35789,56.2,40.16,-0.2,6792.0,7,4,5,4,6
Indiana,IN,Kosciusko,80826,51.1,33.6,-0.58,7144.0,3,2,6,2,6
Indiana,IN,Lagrange,40866,50.9,30.97,-0.49,6569.0,3,3,6,2,6
Indiana,IN,Lake,499689,51.3,32.17,-0.57,7524.0,3,1,6,2,7
Indiana,IN,La-Porte,111675,51.0,36.92,-0.13,6790.0,3,2,7,4,6
Indiana,IN,Lawrence,45222,54.3,46.05,0.16,5592.0,4,3,3,6,5
Indiana,IN,Madison,131744,53.2,33.79,-0.9,7409.0,4,2,7,1,7
Indiana,IN,Marion,969466,53.6,35.9,-0.64,10492.0,4,1,7,2,7
Indiana,IN,Marshall,46332,51.0,33.48,-0.75,6723.0,3,3,6,1,6
Indiana,IN,Martin,9803,54.8,45.5,0.19,5565.0,4,6,5,6,5
Indiana,IN,Miami,35674,51.8,32.67,-0.81,6335.0,3,4,6,1,6
Indiana,IN,Monroe,139745,53.9,42.08,-0.34,6719.0,4,1,5,3,6
Indiana,IN,Montgomery,38273,52.5,33.19,-0.88,7134.0,4,3,6,1,6
Indiana,IN,Morgan,72236,53.9,39.06,-0.39,7239.0,4,2,5,3,7
Indiana,IN,Newton,13823,51.7,34.03,-0.28,6202.0,3,6,7,3,6
Indiana,IN,Noble,47367,50.9,31.73,-0.41,6229.0,3,3,6,3,6
Indiana,IN,Ohio,6114,55.6,40.35,0.02,6297.0,7,7,5,5,6
Indiana,IN,Orange,19623,54.4,47.3,0.33,5826.0,4,5,3,7,5
Indiana,IN,Owen,21482,54.1,40.19,-0.39,5598.0,4,5,5,3,5
Indiana,IN,Parke,16369,53.1,32.1,-0.76,6444.0,4,5,6,1,6
Indiana,IN,Perry,19183,55.5,49.01,0.58,5448.0,7,5,3,7,4
Indiana,IN,Pike,12168,56.2,41.69,-0.18,5940.0,7,6,5,4,5
Indiana,IN,Porter,174791,51.1,35.71,-0.25,8229.0,3,1,7,3,7
Indiana,IN,Posey,25063,57.7,40.1,-0.68,27220525.0,7,4,5,2,7
Indiana,IN,Pulaski,12485,51.2,34.13,-0.38,6114.0,3,6,7,3,5
Indiana,IN,Putnam,37301,53.0,35.7,-0.58,6482.0,4,3,7,2,6
Indiana,IN,Randolph,24437,51.9,33.95,-0.74,6060.0,3,5,7,1,5
Indiana,IN,Ripley,29087,54.3,40.35,-0.24,5815.0,4,4,5,3,5
Indiana,IN,Rush,16673,53.2,37.0,-0.47,7067.0,4,5,7,2,6
Indiana,IN,St-Joseph,272234,51.0,36.8,-0.25,7924.0,3,1,7,3,7
Indiana,IN,Scott,24588,55.6,43.75,0.23,5741.0,7,5,5,6,5
Indiana,IN,Shelby,44991,54.3,37.03,-0.57,7192.0,4,3,7,2,7
Indiana,IN,Spencer,19967,56.5,46.23,0.18,6927.0,7,5,3,6,6
Indiana,IN,Starke,23258,51.2,35.26,-0.28,5371.0,3,5,7,3,4
Indiana,IN,Steuben,34725,50.2,31.69,-0.18,6063.0,3,4,6,4,5
Indiana,IN,Sullivan,20670,55.8,36.89,-0.53,6027.0,7,5,7,2,5
Indiana,IN,Switzerland,10006,55.9,41.79,0.16,5161.0,7,6,5,6,4
Indiana,IN,Tippecanoe,188717,52.6,32.55,-0.88,8165.0,4,1,6,1,7
Indiana,IN,Tipton,15361,52.2,31.34,-0.91,7802.0,4,6,6,1,7
Indiana,IN,Union,6952,52.7,38.02,-0.38,6466.0,4,7,7,3,6
Indiana,IN,Vanderburgh,179744,57.8,40.91,-0.63,9434.0,7,1,5,2,7
Indiana,IN,Vermillion,15451,53.3,31.84,-0.75,7091.0,4,5,6,1,6
Indiana,IN,Vigo,106006,55.1,35.36,-0.68,6619.0,7,2,7,2,6
Indiana,IN,Wabash,30828,51.7,34.38,-0.5,6911.0,3,4,7,2,6
Indiana,IN,Warren,8461,52.4,32.86,-0.72,7248.0,4,6,6,2,7
Indiana,IN,Warrick,65185,57.0,43.62,-0.24,7862.0,7,2,5,3,7
Indiana,IN,Washington,28224,54.8,44.43,0.04,5541.0,4,4,5,5,5
Indiana,IN,Wayne,66273,51.9,34.07,-0.69,6485.0,3,2,7,2,6
Indiana,IN,Wells,28335,51.9,34.07,-0.34,6934.0,3,4,7,3,6
Indiana,IN,White,24598,51.9,31.84,-0.7,6772.0,3,5,6,2,6
Indiana,IN,Whitley,34627,51.1,33.53,-0.22,6701.0,3,4,6,4,6
Michigan,MI,Alcona,10417,46.0,30.45,-0.13,3499.0,2,6,4,4,3
Michigan,MI,Alger,8807,42.3,38.57,0.75,0.0,1,6,5,7,2
Michigan,MI,Allegan,121210,49.9,36.58,0.21,6240.0,2,2,7,6,6
Michigan,MI,Alpena,28847,46.2,31.9,-0.03,3353.0,2,4,6,5,2
Michigan,MI,Antrim,24249,46.7,33.93,-0.19,4544.0,2,5,7,4,4
Michigan,MI,Arenac,15089,48.1,31.54,-0.18,3913.0,2,6,6,4,3
Michigan,MI,Baraga,8277,40.9,39.27,0.8,3023.0,1,7,5,7,2
Michigan,MI,Barry,63554,49.6,35.15,0.1,5581.0,2,2,7,5,5
Michigan,MI,Bay,102821,49.1,33.72,0.16,5202.0,2,2,7,6,4
Michigan,MI,Benzie,18297,46.8,31.97,-0.29,3445.0,2,5,6,3,3
Michigan,MI,Berrien,152900,50.9,39.84,0.33,6475.0,3,1,5,7,6
Michigan,MI,Branch,44531,50.2,32.57,-0.08,5329.0,3,3,6,5,4
Michigan,MI,Calhoun,133289,50.0,33.84,-0.19,5582.0,3,2,7,4,5
Michigan,MI,Cass,51403,50.6,38.87,0.33,6270.0,3,3,5,7,6
Michigan,MI,Charlevoix,26293,46.5,33.49,-0.11,5079.0,2,4,6,4,4
Michigan,MI,Cheboygan,25940,45.5,30.76,-0.12,3405.0,1,4,4,4,2
Michigan,MI,Chippewa,36293,42.8,35.7,0.29,0.0,1,4,7,6,2
Michigan,MI,Clare,31352,46.8,33.08,0.03,4137.0,2,4,6,5,3
Michigan,MI,Clinton,79748,49.5,34.38,0.01,5911.0,2,2,7,5,5
Michigan,MI,Crawford,13491,45.6,30.97,-0.74,0.0,1,6,6,1,2
Michigan,MI,Delta,36741,43.3,32.23,-0.04,3700.0,1,4,6,5,3
Michigan,MI,Dickinson,25874,42.5,29.0,-0.55,3805.0,1,4,4,2,3
Michigan,MI,Eaton,108992,49.6,34.6,-0.02,5461.0,2,2,7,5,4
Michigan,MI,Emmet,34163,45.7,31.17,-0.24,4756.0,1,4,6,3,4
Michigan,MI,Genesee,401983,49.6,34.73,-0.07,5850.0,2,1,7,5,5
Michigan,MI,Gladwin,25728,47.9,32.83,-0.08,4344.0,2,4,6,5,3
Michigan,MI,Gogebic,14319,40.5,36.19,0.32,0.0,1,6,7,6,2
Michigan,MI,Grand-Traverse,96464,47.1,31.88,-0.27,0.0,2,2,6,3,2
Michigan,MI,Gratiot,41100,48.9,34.99,0.34,5031.0,2,3,7,7,4
Michigan,MI,Hillsdale,45762,49.9,31.76,-0.37,5138.0,2,3,6,3,4
Michigan,MI,Houghton,37035,42.2,34.65,0.22,3274.0,1,3,7,6,2
Michigan,MI,Huron,31248,48.7,34.04,0.0,0.0,2,4,7,5,2
Michigan,MI,Ingham,284108,49.4,32.55,-0.32,5727.0,2,1,6,3,5
Michigan,MI,Ionia,66809,49.1,36.29,0.38,5256.0,2,2,7,7,4
Michigan,MI,Iosco,25521,47.1,31.05,-0.24,3972.0,2,4,6,3,3
Michigan,MI,Iron,11622,40.7,31.68,-0.13,3433.0,1,6,6,4,3
Michigan,MI,Isabella,64447,48.0,35.4,0.53,4757.0,2,2,7,7,4
Michigan,MI,Jackson,160066,49.4,31.23,-0.47,5661.0,2,1,6,2,5
Michigan,MI,Kalamazoo,261173,50.5,35.22,-0.07,6881.0,3,1,7,5,6
Michigan,MI,Kalkaska,18182,46.2,32.89,-0.31,4181.0,2,5,6,3,3
Michigan,MI,Kent,659083,48.9,36.0,0.27,6875.0,2,1,7,6,6
Michigan,MI,Keweenaw,2180,41.8,36.36,0.53,0.0,1,7,7,7,2
Michigan,MI,Lake,12594,46.7,32.06,-0.17,3782.0,2,6,6,4,3
Michigan,MI,Lapeer,88780,49.5,37.91,0.65,5001.0,2,2,7,7,4
Michigan,MI,Leelanau,22870,47.0,32.22,-0.17,4927.0,2,5,6,4,4
Michigan,MI,Lenawee,98567,50.7,33.25,-0.08,6193.0,3,2,6,5,6
Michigan,MI,Livingston,196161,49.2,32.36,-0.57,6285.0,2,1,6,2,6
Michigan,MI,Luce,5330,42.0,35.24,0.14,0.0,1,7,7,6,2
Michigan,MI,Mackinac,10941,43.3,32.92,0.07,0.0,1,6,6,5,2
Michigan,MI,Macomb,874195,51.1,36.22,0.09,6737.0,3,1,7,5,6
Michigan,MI,Manistee,25287,46.5,32.35,-0.03,3357.0,2,4,6,5,2
Michigan,MI,Marquette,66661,41.6,38.86,0.77,3235.0,1,2,5,7,2
Michigan,MI,Mason,29409,46.8,32.04,0.11,4266.0,2,4,6,6,3
Michigan,MI,Mecosta,40720,47.1,31.81,-0.02,4227.0,2,3,6,5,3
Michigan,MI,Menominee,23266,44.1,28.72,-0.57,3315.0,1,5,4,2,2
Michigan,MI,Midland,83674,48.9,34.73,0.3,5885.0,2,2,7,6,5
Michigan,MI,Missaukee,15213,45.9,31.28,-0.24,4004.0,1,6,6,3,3
Michigan,MI,Monroe,155609,51.9,33.0,-0.29,7309.0,3,1,6,3,7
Michigan,MI,Montcalm,67433,48.0,36.76,0.61,4451.0,2,2,7,7,4
Michigan,MI,Montmorency,9569,45.8,29.99,-0.48,3212.0,1,6,4,2,2
Michigan,MI,Muskegon,176565,48.8,35.19,0.26,5134.0,2,1,7,6,4
Michigan,MI,Newaygo,50886,47.6,32.81,-0.04,4953.0,2,3,6,5,4
Michigan,MI,Oakland,1269431,49.9,34.79,-0.37,7811.0,2,1,7,3,7
Michigan,MI,Oceana,26973,47.6,35.17,0.32,4334.0,2,4,7,6,3
Michigan,MI,Ogemaw,20970,46.5,31.2,-0.28,3677.0,2,5,6,3,3
Michigan,MI,Ontonagon,5863,41.6,34.88,0.24,0.0,1,7,7,6,2
Michigan,MI,Osceola,23274,46.1,31.07,-0.16,3905.0,2,5,6,4,3
Michigan,MI,Oscoda,8404,45.8,29.66,-0.6,3253.0,1,7,4,2,2
Michigan,MI,Otsego,25644,45.4,31.52,-0.52,4155.0,1,4,6,2,3
Michigan,MI,Ottawa,300873,49.4,34.53,0.04,7243.0,2,1,7,5,7
Michigan,MI,Presque-Isle,13361,45.7,32.04,0.01,0.0,1,6,6,5,2
Michigan,MI,Roscommon,23708,46.1,31.23,-0.45,0.0,2,5,6,2,2
Michigan,MI,Saginaw,188330,49.4,35.23,0.37,5183.0,2,1,7,7,4
Michigan,MI,St.-Clair,160151,50.6,36.35,-0.04,0.0,3,1,7,5,2
Michigan,MI,St.-Joseph,60874,50.8,32.98,-0.19,0.0,3,3,6,4,2
Michigan,MI,Sanilac,40657,49.1,35.35,0.2,4539.0,2,3,7,6,4
Michigan,MI,Schoolcraft,8188,42.8,35.63,0.44,0.0,1,7,7,7,2
Michigan,MI,Shiawassee,68022,49.3,35.11,0.12,5123.0,2,2,7,6,4
Michigan,MI,Tuscola,52945,49.1,36.59,0.62,4835.0,2,3,7,7,4
Michigan,MI,Van-Buren,75692,50.4,38.31,0.26,0.0,3,2,7,6,2
Michigan,MI,Washtenaw,366376,49.6,32.28,-0.11,8219.0,2,1,6,4,7
Michigan,MI,Wayne,1757043,51.5,35.23,-0.12,7556.0,3,1,7,4,7
Michigan,MI,Wexford,34196,46.1,32.93,-0.19,3845.0,2,4,6,4,3
Minnesota,MN,Aitkin,16126,40.8,23.1,-0.61,2923.0,1,5,2,2,2
Minnesota,MN,Anoka,368864,45.3,23.3,-0.93,6490.0,1,1,2,1,6
Minnesota,MN,Becker,35371,40.2,18.18,-1.05,3957.0,1,4,2,1,3
Minnesota,MN,Beltrami,46799,39.5,16.28,-1.55,2957.0,1,3,2,1,2
Minnesota,MN,Benton,41463,43.5,23.8,-0.47,4744.0,1,3,4,2,4
Minnesota,MN,Big-Stone,5144,43.5,18.97,-0.72,4375.0,1,7,2,2,3
Minnesota,MN,Blue-Earth,69631,45.5,24.21,-0.53,6150.0,1,2,4,2,5
Minnesota,MN,Brown,25723,45.2,23.67,-0.43,5984.0,1,4,2,3,5
Minnesota,MN,Carlton,36708,40.1,24.57,-0.45,3805.0,1,4,4,2,3
Minnesota,MN,Carver,110034,45.5,21.64,-0.97,7502.0,1,2,2,1,7
Minnesota,MN,Cass,31274,41.3,19.66,-1.03,3563.0,1,4,2,1,3
Minnesota,MN,Chippewa,12284,44.0,22.1,-0.41,5262.0,1,6,2,3,4
Minnesota,MN,Chisago,57988,44.5,24.55,-0.55,4988.0,1,3,4,2,4
Minnesota,MN,Clay,65929,40.8,19.25,-0.35,4163.0,1,2,2,3,3
Minnesota,MN,Clearwater,8649,39.6,17.19,-1.18,3346.0,1,6,2,1,2
Minnesota,MN,Cook,5708,37.2,30.56,-0.03,1.0,1,7,4,5,2
Minnesota,MN,Cottonwood,11356,45.0,24.11,-0.35,5654.0,1,6,4,3,5
Minnesota,MN,Crow-Wing,67948,42.3,22.48,-0.5,3941.0,1,2,2,2,3
Minnesota,MN,Dakota,443341,46.1,22.49,-1.0,7301.0,2,1,2,1,7
Minnesota,MN,Dodge,20981,44.9,25.47,-0.29,6417.0,1,5,4,3,6
Minnesota,MN,Douglas,39668,42.2,18.3,-1.53,4554.0,1,3,2,1,4
Minnesota,MN,Faribault,13926,45.8,25.09,-0.45,5705.0,1,6,4,2,5
Minnesota,MN,Fillmore,21414,45.2,24.94,-0.37,5538.0,1,5,4,3,5
Minnesota,MN,Freeborn,30718,45.6,23.22,-0.73,6112.0,1,4,2,1,5
Minnesota,MN,Goodhue,48013,45.6,26.64,-0.39,6248.0,1,3,4,3,6
Minnesota,MN,Grant,6136,42.6,18.71,-1.19,4569.0,1,7,2,1,4
Minnesota,MN,Hennepin,1260121,45.8,21.92,-1.12,10085.0,1,1,2,1,7
Minnesota,MN,Houston,18800,46.8,26.05,-0.26,5762.0,2,5,4,3,5
Minnesota,MN,Hubbard,21960,40.7,17.5,-1.53,3613.0,1,5,2,1,3
Minnesota,MN,Isanti,42727,44.3,23.03,-0.79,4462.0,1,3,2,1,4
Minnesota,MN,Itasca,45205,39.8,19.18,-1.13,3418.0,1,3,2,1,3
Minnesota,MN,Jackson,9893,45.5,24.55,-0.15,5986.0,1,6,4,4,5
Minnesota,MN,Kanabec,16463,43.0,24.79,-0.5,4008.0,1,5,4,2,3
Minnesota,MN,Kandiyohi,43839,43.4,21.29,-0.63,5444.0,1,3,2,2,4
Minnesota,MN,Kittson,4059,38.9,14.32,-1.5,3846.0,1,7,2,1,3
Minnesota,MN,Koochiching,11844,39.1,19.72,-1.07,32.0,1,6,2,1,2
Minnesota,MN,Lac-qui-Parle,6689,44.3,20.19,-0.57,1774685.0,1,7,2,2,7
Minnesota,MN,Lake,10939,37.7,27.03,-0.25,11.0,1,6,4,3,2
Minnesota,MN,Lake-of-the-Woods,3871,38.9,15.56,-2.28,2950.0,1,7,2,1,2
Minnesota,MN,Le-Sueur,29153,45.3,23.72,-0.64,6380.0,1,4,4,2,6
Minnesota,MN,Lincoln,5580,43.5,21.35,-0.18,4868.0,1,7,2,4,4
Minnesota,MN,Lyon,25262,44.6,22.06,-0.19,5700.0,1,4,2,4,5
Minnesota,MN,McLeod,36714,44.8,17.28,-1.67,5831.0,1,4,2,1,5
Minnesota,MN,Mahnomen,5328,39.4,19.28,-0.65,26069.595238095237,1,7,2,2,7
Minnesota,MN,Marshall,8861,38.5,14.3,-1.37,3854.0,1,6,2,1,3
Minnesota,MN,Martin,19650,45.6,24.97,-0.35,6281.0,1,5,4,3,6
Minnesota,MN,Meeker,23496,43.6,20.97,-0.82,5095.0,1,5,2,1,4
Minnesota,MN,Mille-Lacs,27280,43.0,22.83,-0.79,4417.0,1,4,2,1,4
Minnesota,MN,Morrison,34246,43.1,20.88,-0.8,4293.0,1,4,2,1,3
Minnesota,MN,Mower,40140,45.2,24.0,-0.49,6310.0,1,3,4,2,6
Minnesota,MN,Murray,8060,44.3,21.44,-0.6,5562.0,1,7,2,2,5
Minnesota,MN,Nicollet,34441,45.5,18.97,-1.32,6445.0,1,4,2,1,6
Minnesota,MN,Nobles,21947,44.9,20.64,-0.75,5665.0,1,5,2,1,5
Minnesota,MN,Norman,6377,39.8,18.45,-0.36,3515.0,1,7,2,3,3
Minnesota,MN,Olmsted,164020,45.3,25.24,-0.28,6926.0,1,1,4,3,6
Minnesota,MN,Otter-Tail,60519,41.4,18.41,-1.09,4094.0,1,3,2,1,3
Minnesota,MN,Pennington,13845,38.6,14.11,-1.34,3989.0,1,6,2,1,3
Minnesota,MN,Pine,29446,42.4,25.34,-0.6,3748.0,1,4,4,2,3
Minnesota,MN,Pipestone,9355,44.1,18.02,-1.04,5800.0,1,6,2,1,5
Minnesota,MN,Polk,30731,39.4,14.8,-1.19,4034.0,1,4,2,1,3
Minnesota,MN,Pope,11431,42.8,18.86,-1.24,4603.0,1,6,2,1,4
Minnesota,MN,Ramsey,536413,46.1,23.65,-0.88,26069.595238095237,2,1,2,1,7
Minnesota,MN,Red-Lake,3874,38.9,14.23,-1.35,3756.0,1,7,2,1,3
Minnesota,MN,Redwood,15361,45.0,23.64,-0.06,5511.0,1,6,2,5,5
Minnesota,MN,Renville,14525,44.8,22.26,-0.47,5605.0,1,6,2,2,5
Minnesota,MN,Rice,67693,45.3,26.35,-0.3,6163.0,1,2,4,3,6
Minnesota,MN,Rock,9537,45.2,17.83,-1.08,6183.0,1,6,2,1,6
Minnesota,MN,Roseau,15292,38.0,16.33,-1.29,3194.0,1,6,2,1,2
Minnesota,MN,St.-Louis,199532,38.7,25.2,-0.36,26069.595238095237,1,1,4,3,7
Minnesota,MN,Scott,154520,45.9,23.3,-0.76,7575.0,1,1,2,1,7
Minnesota,MN,Sherburne,100824,44.2,22.98,-0.71,5320.0,1,2,2,2,4
Minnesota,MN,Sibley,14955,45.4,17.66,-1.64,5938.0,1,6,2,1,5
Minnesota,MN,Stearns,160405,43.0,21.57,-0.66,5218.0,1,1,2,2,4
Minnesota,MN,Steele,37398,45.1,26.26,-0.11,6354.0,1,3,4,4,6
Minnesota,MN,Stevens,9637,43.2,19.54,-0.91,4797.0,1,6,2,1,4
Minnesota,MN,Swift,9755,43.5,19.22,-0.97,4803.0,1,6,2,1,4
Minnesota,MN,Todd,25538,42.6,19.51,-0.86,3951.0,1,4,2,1,3
Minnesota,MN,Traverse,3275,42.9,19.92,-0.47,4683.0,1,7,2,2,4
Minnesota,MN,Wabasha,21658,46.1,26.05,-0.57,5937.0,2,5,4,2,5
Minnesota,MN,Wadena,14307,41.9,18.32,-1.24,3503.0,1,6,2,1,3
Minnesota,MN,Waseca,18893,45.2,25.9,-0.15,6285.0,1,5,4,4,6
Minnesota,MN,Washington,275912,45.7,25.08,-0.68,9027.0,1,1,4,2,7
Minnesota,MN,Watonwan,11075,45.3,25.78,-0.2,5669.0,1,6,4,4,5
Minnesota,MN,Wilkin,6350,42.0,18.61,-0.86,4747.0,1,7,2,1,4
Minnesota,MN,Winona,49478,46.4,27.43,-0.14,6050.0,2,3,4,4,5
Minnesota,MN,Wright,148003,44.5,20.67,-1.08,6276.0,1,1,2,1,6
Minnesota,MN,Yellow-Medicine,9486,44.6,22.68,-0.11,5340.0,1,6,2,4,4
Nebraska,NE,Adams,30970,51.3,18.84,-1.39,6056.0,3,4,2,1,5
Nebraska,NE,Antelope,6293,48.5,22.88,-0.56,4854.0,2,7,2,2,4
Nebraska,NE,Arthur,433,47.7,22.32,0.64,0.0,2,7,2,7,2
Nebraska,NE,Banner,660,46.8,22.83,1.16,3369.0,2,7,2,7,2
Nebraska,NE,Blaine,453,48.3,22.11,-0.08,0.0,2,7,2,5,2
Nebraska,NE,Boone,5385,49.2,24.24,-0.89,5341.0,2,7,4,1,4
Nebraska,NE,Box-Butte,10672,46.3,19.86,0.38,0.0,2,6,2,7,2
Nebraska,NE,Boyd,1741,48.0,20.49,-0.3,3607.0,2,7,2,3,3
Nebraska,NE,Brown,2872,47.6,23.7,0.14,3251.0,2,7,4,6,2
Nebraska,NE,Buffalo,50586,50.4,20.71,-1.07,5587.0,3,3,2,1,5
Nebraska,NE,Burt,6755,50.0,19.76,-1.42,5879.0,3,7,2,1,5
Nebraska,NE,Butler,8427,50.3,19.67,-1.52,5869.0,3,6,2,1,5
Nebraska,NE,Cass,27122,51.7,25.25,-1.06,6245.0,3,4,4,1,6
Nebraska,NE,Cedar,8371,47.8,23.6,-0.57,5747.0,2,7,2,2,5
Nebraska,NE,Chase,3772,50.0,19.83,0.36,3571.0,3,7,2,7,3
Nebraska,NE,Cherry,5464,47.3,25.82,1.14,2987.0,2,7,4,7,2
Nebraska,NE,Cheyenne,9511,46.7,21.62,0.75,3772.0,2,6,2,7,3
Nebraska,NE,Clay,6049,51.4,19.01,-1.47,5507.0,3,7,2,1,5
Nebraska,NE,Colfax,10444,50.5,18.99,-1.81,5639.0,3,6,2,1,5
Nebraska,NE,Cuming,8929,49.7,18.99,-1.57,6767.0,2,6,2,1,6
Nebraska,NE,Custer,10476,48.9,20.72,-0.85,4398.0,2,6,2,1,4
Nebraska,NE,Dakota,21042,48.7,21.72,-0.95,5826.0,2,5,2,1,5
Nebraska,NE,Dawes,8241,47.2,20.17,0.49,2719.0,2,7,2,7,2
Nebraska,NE,Dawson,23884,49.9,18.52,-1.08,4846.0,2,5,2,1,4
Nebraska,NE,Deuel,1902,48.0,19.15,0.24,0.0,2,7,2,6,2
Nebraska,NE,Dixon,5464,48.0,22.49,-0.84,5537.0,2,7,2,1,5
Nebraska,NE,Dodge,36997,50.7,20.22,-1.61,6067.0,3,4,2,1,5
Nebraska,NE,Douglas,586327,51.5,23.3,-1.18,10196.0,3,1,2,1,7
Nebraska,NE,Dundy,1590,50.7,20.46,0.48,3316.0,3,7,2,7,2
Nebraska,NE,Fillmore,5553,51.6,18.82,-1.72,6137.0,3,7,2,1,5
Nebraska,NE,Franklin,2873,51.5,22.18,-0.76,4904.0,3,7,2,1,4
Nebraska,NE,Frontier,2633,50.5,21.3,-0.1,3836.0,3,7,2,4,3
Nebraska,NE,Furnas,4575,51.3,22.73,-0.19,3885.0,3,7,2,4,3
Nebraska,NE,Gage,21583,52.2,23.02,-1.17,5344.0,4,5,2,1,4
Nebraska,NE,Garden,1837,47.3,19.73,0.33,2945.0,2,7,2,7,2
Nebraska,NE,Garfield,1801,48.2,21.97,-0.41,3938.0,2,7,2,3,3
Nebraska,NE,Gosper,1808,50.4,19.88,-0.72,4666.0,3,7,2,2,4
Nebraska,NE,Grant,576,46.8,24.61,1.0,0.0,2,7,4,7,2
Nebraska,NE,Greeley,2227,49.1,22.8,-0.82,4286.0,2,7,2,1,3
Nebraska,NE,Hall,62097,51.1,18.04,-1.54,5680.0,3,2,2,1,5
Nebraska,NE,Hamilton,9429,51.5,17.5,-1.59,6823.0,3,6,2,1,6
Nebraska,NE,Harlan,3054,51.6,23.72,-0.25,4441.0,3,7,4,3,4
Nebraska,NE,Hayes,849,50.2,21.68,0.29,3299.0,3,7,2,6,2
Nebraska,NE,Hitchcock,2598,51.1,23.2,0.51,3274.0,3,7,2,7,2
Nebraska,NE,Holt,10043,47.6,21.18,-0.35,4459.0,2,6,2,3,4
Nebraska,NE,Hooker,686,47.4,24.45,0.43,0.0,2,7,4,7,2
Nebraska,NE,Howard,6515,50.4,20.46,-1.12,4469.0,3,7,2,1,4
Nebraska,NE,Jefferson,7154,52.3,19.38,-1.55,5520.0,4,7,2,1,5
Nebraska,NE,Johnson,5287,52.1,25.8,-0.93,4582.0,3,7,4,1,4
Nebraska,NE,Kearney,6690,50.7,20.72,-1.01,6081.0,3,7,2,1,5
Nebraska,NE,Keith,8269,48.9,17.9,-0.21,3656.0,2,7,2,4,3
Nebraska,NE,Keya-Paha,787,47.7,24.75,0.59,0.0,2,7,4,7,2
Nebraska,NE,Kimball,3315,45.5,20.74,0.74,3199.0,1,7,2,7,2
Nebraska,NE,Knox,8336,48.2,22.57,-0.54,4856.0,2,7,2,2,4
Nebraska,NE,Lancaster,324756,52.3,22.75,-1.38,6881.0,4,1,2,1,6
Nebraska,NE,Lincoln,33685,49.2,20.66,-0.16,4015.0,2,4,2,4,3
Nebraska,NE,Logan,675,48.2,22.13,-0.01,3685.0,2,7,2,5,3
Nebraska,NE,Loup,599,48.3,20.51,-0.62,3751.0,2,7,2,2,3
Nebraska,NE,McPherson,372,47.8,22.02,0.11,3216.0,2,7,2,6,2
Nebraska,NE,Madison,35368,49.4,21.89,-1.23,5480.0,2,4,2,1,4
Nebraska,NE,Merrick,7721,51.2,18.09,-1.51,5269.0,3,7,2,1,4
Nebraska,NE,Morrill,4527,47.3,20.12,0.83,3263.0,2,7,2,7,2
Nebraska,NE,Nance,3326,50.3,19.77,-1.39,4534.0,3,7,2,1,4
Nebraska,NE,Nemaha,7035,52.6,27.14,-0.84,5526.0,4,7,4,1,5
Nebraska,NE,Nuckolls,4041,52.2,18.28,-1.54,4691.0,4,7,2,1,4
Nebraska,NE,Otoe,16198,52.0,27.21,-0.79,5495.0,3,5,4,1,4
Nebraska,NE,Pawnee,2528,52.3,26.98,-0.68,4634.0,4,7,4,2,4
Nebraska,NE,Perkins,2829,49.1,18.27,-0.04,3792.0,2,7,2,5,3
Nebraska,NE,Phelps,8988,50.5,21.66,-0.59,5797.0,3,6,2,2,5
Nebraska,NE,Pierce,7332,48.5,20.59,-1.07,5755.0,2,7,2,1,5
Nebraska,NE,Platte,34296,50.1,19.47,-1.68,6059.0,3,4,2,1,5
Nebraska,NE,Polk,5166,50.7,18.95,-1.46,6106.0,3,7,2,1,5
Nebraska,NE,Red-Willow,10573,51.4,22.32,0.09,0.0,3,6,2,5,2
Nebraska,NE,Richardson,7705,53.3,28.09,-0.6,5648.0,4,7,4,2,5
Nebraska,NE,Rock,1245,47.3,23.2,0.02,3469.0,2,7,2,5,3
Nebraska,NE,Saline,14116,52.2,20.19,-1.59,5164.0,4,6,2,1,4
Nebraska,NE,Sarpy,196553,51.7,23.04,-1.28,9171.0,3,1,2,1,7
Nebraska,NE,Saunders,23118,51.4,21.77,-1.46,6200.0,3,5,2,1,6
Nebraska,NE,Scotts-Bluff,35603,47.9,19.66,0.89,0.0,2,4,2,7,2
Nebraska,NE,Seward,17692,51.3,19.55,-1.6,5916.0,3,5,2,1,5
Nebraska,NE,Sheridan,4996,46.6,21.72,0.52,2714.0,2,7,2,7,2
Nebraska,NE,Sherman,2980,49.6,21.31,-0.86,4237.0,2,7,2,1,3
Nebraska,NE,Sioux,1127,45.6,18.19,0.16,3027.0,1,7,2,6,2
Nebraska,NE,Stanton,5717,49.9,19.87,-1.6,5585.0,2,7,2,1,5
Nebraska,NE,Thayer,4885,52.4,19.05,-1.6,5522.0,4,7,2,1,5
Nebraska,NE,Thomas,671,48.0,23.7,0.43,3310.0,2,7,4,7,2
Nebraska,NE,Thurston,6507,49.2,20.27,-1.26,5218.0,2,7,2,1,4
Nebraska,NE,Valley,4073,48.9,21.76,-0.81,4494.0,2,7,2,1,4
Nebraska,NE,Washington,21167,50.9,22.46,-1.19,7324.0,3,5,2,1,7
Nebraska,NE,Wayne,9871,48.8,20.07,-1.34,5797.0,2,6,2,1,5
Nebraska,NE,Webster,3336,51.9,20.04,-1.15,4455.0,3,7,2,1,4
Nebraska,NE,Wheeler,785,48.5,24.43,-0.18,4545.0,2,7,4,4,4
Nebraska,NE,York,14354,51.0,18.23,-1.62,6416.0,3,6,2,1,6
North Carolina,NC,Alamance,176353,59.7,50.07,0.38,6123.0,7,1,3,7,5
North Carolina,NC,Alexander,36512,58.4,49.0,0.3,6664.0,7,4,3,6,6
North Carolina,NC,Alleghany,11185,53.2,55.64,0.38,0.0,4,6,1,7,2
North Carolina,NC,Anson,22202,62.5,48.04,0.05,4233.0,6,5,3,5,3
North Carolina,NC,Ashe,27110,51.5,55.41,0.35,0.0,3,4,1,7,2
North Carolina,NC,Avery,17571,50.6,59.2,0.31,0.0,3,5,1,6,2
North Carolina,NC,Beaufort,44272,63.2,46.61,-0.53,4930.0,6,3,3,2,4
North Carolina,NC,Bertie,17240,61.9,42.35,-0.8,3683.0,6,5,5,1,3
North Carolina,NC,Bladen,29446,63.7,45.35,-0.66,3920.0,6,4,5,2,3
North Carolina,NC,Brunswick,153064,64.7,50.76,-0.06,5364.0,5,1,3,5,4
North Carolina,NC,Buncombe,273589,54.6,47.16,-0.07,0.0,4,1,3,5,2
North Carolina,NC,Burke,87881,58.2,54.57,0.44,0.0,7,2,1,7,2
North Carolina,NC,Cabarrus,235797,60.0,49.2,0.43,7929.0,7,1,3,7,7
North Carolina,NC,Caldwell,80492,57.8,57.04,0.53,0.0,7,2,1,7,2
North Carolina,NC,Camden,11088,62.0,43.39,-0.68,6286.0,6,6,5,2,6
North Carolina,NC,Carteret,69380,64.1,54.79,0.05,6856.0,5,2,1,5,6
North Carolina,NC,Caswell,22614,59.0,43.24,0.02,4629.0,7,5,5,5,4
North Carolina,NC,Catawba,163462,59.5,49.55,0.24,7612.0,7,1,3,6,7
North Carolina,NC,Chatham,79864,60.8,49.73,0.22,6455.0,6,2,3,6,6
North Carolina,NC,Cherokee,29512,56.5,63.22,0.26,0.0,7,4,1,6,2
North Carolina,NC,Chowan,13940,62.4,43.8,-0.69,4722.0,6,6,5,2,4
North Carolina,NC,Clay,11614,55.5,61.96,-0.01,0.0,7,6,1,5,2
North Carolina,NC,Cleveland,100670,59.7,51.67,0.25,5674.0,7,2,1,6,5
North Carolina,NC,Columbus,49885,64.1,47.4,-0.18,4075.0,5,3,3,4,3
North Carolina,NC,Craven,100874,63.4,47.79,-0.46,4811.0,6,2,3,2,4
North Carolina,NC,Cumberland,336699,63.3,44.64,-0.62,5638.0,6,1,5,2,5
North Carolina,NC,Currituck,31015,62.2,43.54,-0.66,6117.0,6,4,5,2,5
North Carolina,NC,Dare,37956,63.2,48.61,-0.33,3715.0,6,3,3,3,3
North Carolina,NC,Davidson,172586,59.4,45.07,-0.16,6714.0,7,1,5,4,6
North Carolina,NC,Davie,44090,59.0,44.27,-0.12,6609.0,7,3,5,4,6
North Carolina,NC,Duplin,48990,62.7,46.26,-0.68,4264.0,6,3,3,2,3
North Carolina,NC,Durham,332680,60.4,47.42,0.19,7531.0,7,1,3,6,7
North Carolina,NC,Edgecombe,48301,61.6,40.47,-0.92,4288.0,6,3,5,1,3
North Carolina,NC,Forsyth,389157,58.6,47.74,0.33,0.0,7,1,3,7,2
North Carolina,NC,Franklin,74539,60.5,46.37,-0.14,5571.0,7,2,3,4,5
North Carolina,NC,Gaston,234215,60.7,50.12,0.16,0.0,7,1,3,6,2
North Carolina,NC,Gates,10383,61.6,42.54,-0.78,4072.0,6,6,5,1,3
North Carolina,NC,Graham,7980,54.5,59.38,-0.3,0.0,4,7,1,3,2
North Carolina,NC,Granville,61903,59.8,45.95,0.02,6603.0,7,3,3,5,6
North Carolina,NC,Greene,20211,62.3,43.04,-0.81,4410.0,6,5,5,1,4
North Carolina,NC,Guilford,546101,59.3,50.38,0.52,0.0,7,1,3,7,2
North Carolina,NC,Halifax,47848,60.7,42.44,-0.51,3764.0,7,3,5,2,3
North Carolina,NC,Harnett,138832,62.3,48.47,-0.06,6060.0,6,1,3,5,5
North Carolina,NC,Haywood,62609,51.3,53.45,-0.12,0.0,3,2,1,4,2
North Carolina,NC,Henderson,118106,55.5,52.84,-0.32,7722.0,7,2,1,3,7
North Carolina,NC,Hertford,20875,61.5,41.43,-0.88,3724.0,6,5,5,1,3
North Carolina,NC,Hoke,53787,63.3,45.94,-0.55,4308.0,6,3,3,2,3
North Carolina,NC,Hyde,4576,63.7,50.72,-0.19,3692.0,6,7,3,4,3
North Carolina,NC,Iredell,195897,59.2,47.35,0.04,6877.0,7,1,3,5,6
North Carolina,NC,Jackson,42955,53.0,59.25,-0.19,0.0,4,3,1,4,2
North Carolina,NC,Johnston,234778,62.3,48.81,-0.15,5925.0,6,1,3,4,5
North Carolina,NC,Jones,9233,62.9,45.96,-0.61,3950.0,6,6,3,2,3
North Carolina,NC,Lee,65476,61.6,48.98,0.04,6957.0,6,2,3,5,6
North Carolina,NC,Lenoir,54633,62.2,42.81,-0.84,5536.0,6,3,5,1,5
North Carolina,NC,Lincoln,93095,60.0,49.67,0.22,8509.0,7,2,3,6,7
North Carolina,NC,McDowell,44753,56.9,58.49,0.4,0.0,7,3,1,7,2
North Carolina,NC,Macon,38065,54.3,58.35,-0.39,0.0,4,3,1,3,2
North Carolina,NC,Madison,21768,55.2,48.84,0.11,0.0,7,5,3,6,2
North Carolina,NC,Martin,21508,62.2,42.96,-0.73,3678.0,6,5,5,1,3
North Carolina,NC,Mecklenburg,1145392,61.1,48.79,0.2,0.0,6,1,3,6,2
North Carolina,NC,Mitchell,15094,51.7,52.78,0.22,0.0,3,6,1,6,2
North Carolina,NC,Montgomery,25894,61.7,48.71,0.06,4310.0,6,4,3,5,3
North Carolina,NC,Moore,105531,62.2,46.92,-0.28,6716.0,6,2,3,3,6
North Carolina,NC,Nash,95789,61.1,43.73,-0.61,6117.0,6,2,5,2,5
North Carolina,NC,New-Hanover,234921,65.2,51.48,-0.36,0.0,5,1,1,3,2
North Carolina,NC,Northampton,16779,60.8,42.25,-0.62,3669.0,6,5,5,2,3
North Carolina,NC,Onslow,207298,63.7,48.04,-0.48,5653.0,6,1,3,2,5
North Carolina,NC,Orange,150477,59.7,48.84,0.35,9434.0,7,1,3,7,7
North Carolina,NC,Pamlico,12381,63.8,51.05,-0.2,4962.0,6,6,1,4,4
North Carolina,NC,Pasquotank,40938,62.1,43.25,-0.72,5575.0,6,3,5,2,5
North Carolina,NC,Pender,65737,64.1,50.31,-0.22,4312.0,5,2,3,4,3
North Carolina,NC,Perquimans,13210,62.2,43.67,-0.71,5004.0,6,6,5,2,4
North Carolina,NC,Person,39386,59.0,43.47,-0.02,4955.0,7,3,5,5,4
North Carolina,NC,Pitt,173542,62.5,42.97,-0.76,5851.0,6,1,5,1,5
North Carolina,NC,Polk,19986,59.2,57.52,0.08,0.0,7,5,1,5,2
North Carolina,NC,Randolph,146043,60.1,47.61,0.11,6046.0,7,1,3,6,5
North Carolina,NC,Richmond,42778,63.0,47.82,-0.15,4385.0,6,3,3,4,3
North Carolina,NC,Robeson,116663,64.1,44.5,-0.64,4076.0,5,2,5,2,3
North Carolina,NC,Rockingham,91957,58.9,46.15,0.2,6199.0,7,2,3,6,6
North Carolina,NC,Rowan,149645,59.5,45.96,-0.1,5777.0,7,1,3,4,5
North Carolina,NC,Rutherford,64963,59.3,51.63,0.1,0.0,7,2,1,5,2
North Carolina,NC,Sampson,59120,62.9,46.74,-0.53,4452.0,6,3,3,2,4
North Carolina,NC,Scotland,34162,63.8,45.41,-0.64,4178.0,6,4,5,2,3
North Carolina,NC,Stanly,64153,61.1,50.77,0.39,6513.0,6,2,3,7,6
North Carolina,NC,Stokes,45175,58.0,50.87,0.54,5694.0,7,3,3,7,5
North Carolina,NC,Surry,71403,57.5,54.77,0.71,5793.0,7,2,1,7,5
North Carolina,NC,Swain,13967,52.4,60.78,-0.13,0.0,4,6,1,4,2
North Carolina,NC,Transylvania,33355,54.6,62.05,-0.42,5168.0,4,4,1,3,4
North Carolina,NC,Tyrrell,3365,63.1,46.0,-0.6,3002.0,6,7,3,2,2
North Carolina,NC,Union,249070,61.8,45.6,-0.08,7100.0,6,1,5,5,6
North Carolina,NC,Vance,42138,59.8,45.35,-0.01,5552.0,7,3,5,5,5
North Carolina,NC,Wake,1175021,61.4,48.02,-0.04,9018.0,6,1,3,5,7
North Carolina,NC,Warren,18713,60.0,43.98,-0.11,4701.0,7,5,5,4,4
North Carolina,NC,Washington,10828,62.7,45.0,-0.6,3922.0,6,6,5,2,3
North Carolina,NC,Watauga,55089,51.6,58.82,0.47,0.0,3,3,1,7,2
North Carolina,NC,Wayne,117286,62.5,45.87,-0.62,5586.0,6,2,3,2,5
North Carolina,NC,Wilkes,65784,57.6,54.88,0.48,5519.0,7,2,1,7,5
North Carolina,NC,Wilson,78449,62.3,44.65,-0.63,5638.0,6,2,5,2,5
North Carolina,NC,Yadkin,37463,58.1,49.23,0.53,5935.0,7,3,3,7,5
North Carolina,NC,Yancey,18811,51.5,53.42,0.17,0.0,3,5,1,6,2
Ohio,OH,Adams,27420,54.4,40.56,-0.08,5166.0,4,4,5,5,4
Ohio,OH,Allen,101115,52.7,34.68,-0.09,7088.0,4,2,7,4,6
Ohio,OH,Ashland,52181,50.8,39.57,0.5,5652.0,3,3,5,7,5
Ohio,OH,Ashtabula,97014,50.5,42.49,0.24,4663.0,3,2,5,6,4
Ohio,OH,Athens,58979,53.7,36.86,-0.16,0.0,4,3,7,4,2
Ohio,OH,Auglaize,45948,52.2,33.82,-0.22,7169.0,4,3,7,4,6
Ohio,OH,Belmont,65509,52.0,42.06,0.52,0.0,3,2,5,7,2
Ohio,OH,Brown,43680,54.0,41.23,-0.08,5637.0,4,3,5,5,5
Ohio,OH,Butler,388420,54.5,42.5,0.15,8076.0,4,1,5,6,7
Ohio,OH,Carroll,26659,51.6,43.5,0.64,0.0,3,4,5,7,2
Ohio,OH,Champaign,38709,52.1,39.86,0.5,6204.0,3,3,5,7,6
Ohio,OH,Clark,134831,53.3,40.76,0.34,7015.0,4,2,5,7,6
Ohio,OH,Clermont,210805,54.8,40.33,-0.19,6826.0,4,1,5,4,6
Ohio,OH,Clinton,41964,53.5,41.86,-0.1,6672.0,4,3,5,4,6
Ohio,OH,Columbiana,100511,50.8,42.37,0.67,5667.0,3,2,5,7,5
Ohio,OH,Coshocton,36571,52.1,42.01,0.42,4861.0,3,4,5,7,4
Ohio,OH,Crawford,41522,51.9,39.37,0.09,5961.0,3,3,5,5,5
Ohio,OH,Cuyahoga,1236041,52.3,43.04,0.91,0.0,4,1,5,7,2
Ohio,OH,Darke,51529,52.5,33.85,-0.63,6417.0,4,3,7,2,6
Ohio,OH,Defiance,38187,51.9,31.24,-0.16,5788.0,3,3,6,4,5
Ohio,OH,Delaware,226296,52.8,39.31,0.25,8769.0,4,1,5,6,7
Ohio,OH,Erie,74501,52.1,35.23,-0.08,7518.0,3,2,7,5,7
Ohio,OH,Fairfield,162898,52.8,36.3,-0.02,7101.0,4,1,7,5,6
Ohio,OH,Fayette,28839,53.4,38.35,0.04,6172.0,4,4,7,5,6
Ohio,OH,Franklin,1321820,53.9,39.33,0.26,9941.0,4,1,5,6,7
Ohio,OH,Fulton,42171,51.8,33.14,-0.19,6414.0,3,3,6,4,6
Ohio,OH,Gallia,29068,54.2,37.74,-0.13,0.0,4,4,7,4,2
Ohio,OH,Geauga,95469,50.4,46.75,0.93,7259.0,3,2,3,7,7
Ohio,OH,Greene,168456,54.0,40.2,-0.11,7938.0,4,1,5,4,7
Ohio,OH,Guernsey,38098,53.0,42.11,0.39,4963.0,4,3,5,7,4
Ohio,OH,Hamilton,825037,55.3,41.2,-0.03,9077.0,7,1,5,5,7
Ohio,OH,Hancock,74861,52.9,30.48,-0.9,7052.0,4,2,4,1,6
Ohio,OH,Hardin,30416,52.8,32.76,-0.6,5949.0,4,4,6,2,5
Ohio,OH,Harrison,14378,52.0,42.64,0.56,0.0,3,6,5,7,2
Ohio,OH,Henry,27512,52.4,32.25,-0.25,6328.0,4,4,6,3,6
Ohio,OH,Highland,43391,53.6,39.11,-0.25,5550.0,4,3,5,3,5
Ohio,OH,Hocking,27858,52.9,35.96,-0.24,0.0,4,4,7,3,2
Ohio,OH,Holmes,44390,51.2,41.58,0.53,5245.0,3,3,5,7,4
Ohio,OH,Huron,58218,51.3,37.41,0.2,5790.0,3,3,7,6,5
Ohio,OH,Jackson,32586,54.1,36.5,-0.34,5183.0,4,4,7,3,4
Ohio,OH,Jefferson,64330,51.9,40.39,0.58,0.0,3,2,5,7,2
Ohio,OH,Knox,63183,51.0,43.97,0.75,5895.0,3,2,5,7,5
Ohio,OH,Lake,231842,51.5,46.8,1.17,0.0,3,1,3,7,2
Ohio,OH,Lawrence,56653,55.4,35.72,-0.65,0.0,7,3,7,2,2
Ohio,OH,Licking,181359,52.1,40.79,0.42,7316.0,3,1,5,7,7
Ohio,OH,Logan,46040,51.7,37.31,0.23,6178.0,3,3,7,6,6
Ohio,OH,Lorain,316268,51.7,36.92,0.35,6876.0,3,1,7,7,6
Ohio,OH,Lucas,426643,53.3,30.26,-0.64,8167.0,4,1,4,2,7
Ohio,OH,Madison,43540,53.4,38.27,0.07,6843.0,4,3,7,5,6
Ohio,OH,Mahoning,225636,50.9,40.53,0.01,6774.0,3,1,5,5,6
Ohio,OH,Marion,64642,52.6,34.4,-0.42,6262.0,4,2,7,3,6
Ohio,OH,Medina,183512,51.7,37.29,-0.05,7433.0,3,1,7,5,7
Ohio,OH,Meigs,21969,53.7,39.35,0.24,0.0,4,5,5,6,2
Ohio,OH,Mercer,42348,51.9,32.14,-0.59,7222.0,3,3,6,2,7
Ohio,OH,Miami,110247,53.7,35.85,-0.39,7596.0,4,2,7,3,7
Ohio,OH,Monroe,13234,52.5,46.2,0.7,0.0,4,6,3,7,2
Ohio,OH,Montgomery,533892,54.5,37.02,-0.45,8268.0,4,1,7,2,7
Ohio,OH,Morgan,13668,53.4,39.61,0.16,0.0,4,6,5,6,2
Ohio,OH,Morrow,35339,51.4,42.17,0.34,5853.0,3,4,5,7,5
Ohio,OH,Muskingum,86113,53.1,41.39,0.4,5447.0,4,2,5,7,4
Ohio,OH,Noble,14335,53.1,41.28,0.22,0.0,4,6,5,6,2
Ohio,OH,Ottawa,39978,52.8,29.47,-0.67,6910.0,4,3,4,2,6
Ohio,OH,Paulding,18757,52.2,31.99,-0.12,5843.0,4,5,6,4,5
Ohio,OH,Perry,35480,52.7,38.58,0.15,5564.0,4,4,5,6,5
Ohio,OH,Pickaway,60023,53.9,35.09,-0.28,6628.0,4,3,7,3,6
Ohio,OH,Pike,27005,54.5,38.41,-0.18,5211.0,4,4,7,4,4
Ohio,OH,Portage,161745,51.4,40.64,-0.09,6692.0,3,1,5,4,6
Ohio,OH,Preble,40596,52.6,35.91,-0.53,6370.0,4,3,7,2,6
Ohio,OH,Putnam,34334,52.7,31.87,-0.4,6786.0,4,4,6,3,6
Ohio,OH,Richland,125319,50.9,42.03,0.62,6104.0,3,2,5,7,5
Ohio,OH,Ross,76606,54.1,36.65,-0.24,5735.0,4,2,7,3,5
Ohio,OH,Sandusky,58667,52.5,32.19,-0.21,6084.0,4,3,6,4,5
Ohio,OH,Scioto,72194,54.9,38.34,-0.44,5460.0,4,2,7,3,4
Ohio,OH,Seneca,54632,52.1,33.9,-0.19,5780.0,3,3,7,4,5
Ohio,OH,Shelby,47671,52.3,35.9,-0.15,6835.0,4,3,7,4,6
Ohio,OH,Stark,372657,52.2,39.54,-0.27,6966.0,4,1,5,3,6
Ohio,OH,Summit,535882,52.6,36.93,-0.57,8748.0,4,1,7,2,7
Ohio,OH,Trumbull,200643,50.8,41.8,0.19,5565.0,3,1,5,6,5
Ohio,OH,Tuscarawas,91937,52.3,43.77,0.59,5716.0,4,2,5,7,5
Ohio,OH,Union,66898,52.4,35.89,0.13,7184.0,4,2,7,6,7
Ohio,OH,Van-Wert,28769,52.3,34.95,0.06,0.0,4,4,7,5,2
Ohio,OH,Vinton,12565,53.5,35.83,-0.34,0.0,4,6,7,3,2
Ohio,OH,Warren,249778,54.8,41.34,-0.17,8552.0,4,1,5,4,7
Ohio,OH,Washington,58901,54.3,41.92,0.28,0.0,4,3,5,6,2
Ohio,OH,Wayne,116559,51.5,37.77,0.12,6440.0,3,2,7,6,6
Ohio,OH,Williams,36652,51.1,31.71,-0.18,5759.0,3,4,6,4,5
Ohio,OH,Wood,131592,53.0,30.82,-0.43,6831.0,4,2,4,3,6
Ohio,OH,Wyandot,21567,53.0,32.98,-0.57,6397.0,4,5,6,2,6
Oklahoma,OK,Adair,19576,60.6,48.44,0.12,0.0,7,5,3,6,2
Oklahoma,OK,Alfalfa,5637,59.4,27.23,-0.03,2276.0,7,7,4,5,2
Oklahoma,OK,Atoka,14262,63.7,42.19,-0.04,0.0,6,6,5,5,2
Oklahoma,OK,Beaver,5016,57.8,24.57,-0.11,1864.0,7,7,4,4,2
Oklahoma,OK,Beckham,22009,61.4,25.0,-0.33,2060.0,6,5,4,3,2
Oklahoma,OK,Blaine,8409,60.2,31.87,0.29,2058.0,7,6,6,6,2
Oklahoma,OK,Bryan,48182,64.9,39.52,-0.07,0.0,5,3,5,5,2
Oklahoma,OK,Caddo,26198,61.2,32.44,0.57,2211.0,6,4,6,7,2
Oklahoma,OK,Canadian,169149,60.6,35.17,0.68,3060.0,7,1,7,7,2
Oklahoma,OK,Carter,48510,63.4,33.82,0.03,0.0,6,3,7,5,2
Oklahoma,OK,Cherokee,48098,61.2,45.47,0.08,0.0,6,3,5,5,2
Oklahoma,OK,Choctaw,14358,64.3,47.37,0.1,0.0,5,6,3,5,2
Oklahoma,OK,Cimarron,2252,54.8,17.05,-0.28,1619.0,4,7,2,3,2
Oklahoma,OK,Cleveland,299587,61.4,37.73,0.39,0.0,6,1,7,7,2
Oklahoma,OK,Coal,5313,63.2,40.45,0.07,0.0,6,7,5,5,2
Oklahoma,OK,Comanche,123046,62.6,29.64,0.31,2429.0,6,2,4,6,2
Oklahoma,OK,Cotton,5477,64.0,28.71,0.05,1800.0,5,7,4,5,2
Oklahoma,OK,Craig,14123,59.8,36.2,-0.4,0.0,7,6,7,3,2
Oklahoma,OK,Creek,72699,60.8,38.09,0.11,0.0,6,2,7,6,2
Oklahoma,OK,Custer,27886,60.4,30.87,0.42,2180.0,7,4,4,7,2
Oklahoma,OK,Delaware,41413,60.1,46.86,0.24,0.0,7,3,3,6,2
Oklahoma,OK,Dewey,4401,59.5,27.26,-0.23,1928.0,7,7,4,3,2
Oklahoma,OK,Ellis,3657,58.6,25.77,-0.19,1918.0,7,7,4,4,2
Oklahoma,OK,Garfield,61920,60.1,28.76,-0.26,2369.0,7,2,4,3,2
Oklahoma,OK,Garvin,25713,62.3,36.74,0.47,2648.0,6,4,7,7,2
Oklahoma,OK,Grady,56658,61.6,32.93,0.27,2689.0,6,3,6,6,2
Oklahoma,OK,Grant,4124,59.5,26.46,-0.47,2041.0,7,7,4,2,2
Oklahoma,OK,Greer,5547,62.3,23.81,-0.54,1874.0,6,7,4,2,2
Oklahoma,OK,Harmon,2428,62.7,21.36,-0.76,1695.0,6,7,2,1,2
Oklahoma,OK,Harper,3129,58.2,25.96,-0.16,1748.0,7,7,4,4,2
Oklahoma,OK,Haskell,11641,62.7,47.05,0.13,0.0,6,6,3,6,2
Oklahoma,OK,Hughes,13407,62.2,41.44,0.17,0.0,6,6,5,6,2
Oklahoma,OK,Jackson,24556,63.2,21.56,-0.63,1941.0,6,5,2,2,2
Oklahoma,OK,Jefferson,5389,64.1,30.22,-0.08,1906.0,5,7,4,5,2
Oklahoma,OK,Johnston,10406,63.7,35.76,-0.26,0.0,6,6,7,3,2
Oklahoma,OK,Kay,43668,59.7,26.36,-0.73,2452.0,7,3,4,1,2
Oklahoma,OK,Kingfisher,15293,60.7,32.0,0.29,2302.0,7,6,6,6,2
Oklahoma,OK,Kiowa,8345,62.0,27.65,0.19,1852.0,6,7,4,6,2
Oklahoma,OK,Latimer,9630,62.2,49.53,0.28,0.0,6,6,3,6,2
Oklahoma,OK,Le-Flore,48907,62.1,53.29,0.32,0.0,6,3,1,6,2
Oklahoma,OK,Lincoln,34188,61.2,37.91,0.24,0.0,6,4,7,6,2
Oklahoma,OK,Logan,51933,60.9,30.64,-0.1,2388.0,6,3,4,4,2
Oklahoma,OK,Love,10218,64.4,33.64,-0.03,0.0,5,6,7,5,2
Oklahoma,OK,McClain,45306,61.7,36.88,0.43,4033.0,6,3,7,7,3
Oklahoma,OK,McCurtain,30931,63.1,53.71,0.17,2502.0,6,4,1,6,2
Oklahoma,OK,McIntosh,19451,62.5,40.5,-0.06,0.0,6,5,5,5,2
Oklahoma,OK,Major,7502,59.8,27.47,-0.11,2019.0,7,7,4,4,2
Oklahoma,OK,Marshall,15882,64.5,34.44,-0.26,0.0,5,5,7,3,2
Oklahoma,OK,Mayes,39589,60.6,42.92,0.13,0.0,7,3,5,6,2
Oklahoma,OK,Murray,13672,62.8,36.42,0.13,0.0,6,6,7,6,2
Oklahoma,OK,Muskogee,66354,62.4,40.83,-0.15,3261.0,6,2,5,4,2
Oklahoma,OK,Noble,10896,60.5,28.25,-0.57,2239.0,7,6,4,2,2
Oklahoma,OK,Nowata,9483,59.6,30.4,-0.7,0.0,7,6,4,2,2
Oklahoma,OK,Okfuskee,11134,61.6,42.81,0.43,0.0,6,6,5,7,2
Oklahoma,OK,Oklahoma,802559,61.0,36.5,0.5,0.0,6,1,7,7,2
Oklahoma,OK,Okmulgee,36990,61.7,39.15,0.11,0.0,6,4,5,6,2
Oklahoma,OK,Osage,45839,59.5,29.32,-0.46,2509.0,7,3,4,2,2
Oklahoma,OK,Ottawa,30338,60.3,39.53,-0.26,3169.0,7,4,5,3,2
Oklahoma,OK,Pawnee,15757,60.4,30.69,-0.3,0.0,7,5,4,3,2
Oklahoma,OK,Payne,82794,61.0,31.07,-0.31,0.0,6,2,6,3,2
Oklahoma,OK,Pittsburg,43613,62.5,44.15,0.12,0.0,6,3,5,6,2
Oklahoma,OK,Pontotoc,38141,62.4,38.17,0.11,0.0,6,3,7,6,2
Oklahoma,OK,Pottawatomie,73533,61.6,38.39,0.28,0.0,6,2,7,6,2
Oklahoma,OK,Pushmataha,10769,62.8,49.07,0.05,0.0,6,6,3,5,2
Oklahoma,OK,Roger-Mills,3320,60.1,26.09,-0.27,0.0,7,7,4,3,2
Oklahoma,OK,Rogers,98836,60.5,37.28,-0.08,0.0,7,2,7,5,2
Oklahoma,OK,Seminole,23351,61.8,39.95,0.25,0.0,6,5,5,6,2
Oklahoma,OK,Sequoyah,39667,62.5,47.83,0.01,0.0,6,3,3,5,2
Oklahoma,OK,Stephens,43710,62.8,33.84,0.43,2370.0,6,3,7,7,2
Oklahoma,OK,Texas,20495,57.0,19.95,-0.36,1861.0,7,5,2,3,2
Oklahoma,OK,Tillman,6977,63.9,23.9,-0.27,1739.0,5,7,4,3,2
Oklahoma,OK,Tulsa,677358,60.8,36.02,-0.15,0.0,6,1,7,4,2
Oklahoma,OK,Wagoner,86644,61.6,39.39,-0.11,3337.0,6,2,5,4,2
Oklahoma,OK,Washington,53242,59.6,29.81,-0.71,0.0,7,3,4,2,2
Oklahoma,OK,Washita,10732,61.0,33.3,0.91,2042.0,6,6,6,7,2
Oklahoma,OK,Woods,8587,58.6,26.41,-0.05,2127.0,7,6,4,5,2
Oklahoma,OK,Woodward,19990,58.6,25.31,-0.25,2058.0,7,5,4,3,2
South Carolina,SC,Abbeville,24356,62.8,52.33,0.37,0.0,6,5,1,7,2
South Carolina,SC,Aiken,174150,64.8,57.44,0.97,4378.0,5,1,1,7,3
South Carolina,SC,Allendale,7579,65.4,60.3,1.17,2874.0,5,7,1,7,2
South Carolina,SC,Anderson,209581,61.8,53.79,0.32,6162.0,6,1,1,6,6
South Carolina,SC,Bamberg,12908,64.7,66.4,1.72,3192.0,5,6,1,7,2
South Carolina,SC,Barnwell,20414,64.8,64.46,1.65,3565.0,5,5,1,7,3
South Carolina,SC,Beaufort,196371,68.3,50.41,0.07,0.0,5,1,3,5,2
South Carolina,SC,Berkeley,245117,66.2,50.73,0.25,4262.0,5,1,3,6,3
South Carolina,SC,Calhoun,14179,65.1,53.95,0.72,3953.0,5,6,1,7,3
South Carolina,SC,Charleston,419279,67.3,49.96,0.12,5867.0,5,1,3,6,5
South Carolina,SC,Cherokee,56121,60.6,52.84,0.33,4452.0,7,3,1,7,4
South Carolina,SC,Chester,31931,61.8,47.86,0.21,4165.0,6,4,3,6,3
South Carolina,SC,Chesterfield,43683,62.9,47.9,0.02,3378.0,6,3,3,5,2
South Carolina,SC,Clarendon,30913,64.9,52.73,0.46,3340.0,5,4,1,7,2
South Carolina,SC,Colleton,38599,66.5,54.83,0.54,3193.0,5,3,1,7,2
South Carolina,SC,Darlington,62398,64.3,46.95,-0.08,3939.0,5,2,3,5,3
South Carolina,SC,Dillon,27738,64.6,45.99,-0.3,2817.0,5,4,3,3,2
South Carolina,SC,Dorchester,166133,66.5,53.81,0.49,3756.0,5,1,1,7,3
South Carolina,SC,Edgefield,26932,64.0,53.61,0.63,4005.0,5,4,1,7,3
South Carolina,SC,Fairfield,20455,62.9,48.15,0.21,0.0,6,5,3,6,2
South Carolina,SC,Florence,136721,64.9,48.18,0.05,4152.0,5,2,3,5,3
South Carolina,SC,Georgetown,64722,65.0,50.31,0.21,3398.0,5,2,3,6,2
South Carolina,SC,Greenville,547950,60.7,59.08,0.25,0.0,7,1,1,6,2
South Carolina,SC,Greenwood,69267,63.0,50.98,0.38,0.0,6,2,1,7,2
South Carolina,SC,Hampton,18113,66.4,55.8,0.57,3004.0,5,5,1,7,2
South Carolina,SC,Horry,383101,64.6,46.19,-0.01,3799.0,5,1,3,5,3
South Carolina,SC,Jasper,32039,67.6,51.06,0.07,3304.0,5,4,1,5,2
South Carolina,SC,Kershaw,67751,63.4,45.86,-0.2,4060.0,6,2,3,4,3
South Carolina,SC,Lancaster,104577,62.0,49.58,0.27,5255.0,6,2,3,6,4
South Carolina,SC,Laurens,67965,62.2,52.71,0.5,5099.0,6,2,1,7,4
South Carolina,SC,Lee,16153,64.3,47.9,-0.05,3082.0,5,5,3,5,2
South Carolina,SC,Lexington,304797,64.3,52.82,0.53,5403.0,5,1,1,7,4
South Carolina,SC,McCormick,9764,63.6,50.39,0.35,0.0,6,6,3,7,2
South Carolina,SC,Marion,28450,64.9,46.53,0.0,3197.0,5,4,3,5,2
South Carolina,SC,Marlboro,26039,64.1,45.96,-0.4,2904.0,5,4,3,3,2
South Carolina,SC,Newberry,38247,63.0,49.67,0.32,4095.0,6,3,3,6,3
South Carolina,SC,Oconee,80180,60.1,60.56,0.05,0.0,7,2,1,5,2
South Carolina,SC,Orangeburg,83094,65.2,58.48,1.1,3588.0,5,2,1,7,3
South Carolina,SC,Pickens,133462,60.5,61.17,0.14,0.0,7,2,1,6,2
South Carolina,SC,Richland,421566,64.4,49.05,0.32,3801.0,5,1,3,6,3
South Carolina,SC,Saluda,18938,63.6,53.91,0.64,3694.0,6,5,1,7,3
South Carolina,SC,Spartanburg,345831,61.1,55.77,0.43,5949.0,6,1,1,7,5
South Carolina,SC,Sumter,104012,64.8,50.64,0.27,3607.0,5,2,3,6,3
South Carolina,SC,Union,26752,61.9,47.18,-0.01,0.0,6,4,3,5,2
South Carolina,SC,Williamsburg,30058,65.0,49.89,0.22,2965.0,5,4,3,6,2
South Carolina,SC,York,294248,61.2,48.25,0.11,5907.0,6,1,3,6,5
Wisconsin,WI,Adams,21226,46.5,29.31,0.0,4755.0,2,5,4,5,4
Wisconsin,WI,Ashland,16039,40.9,30.96,-0.28,4372.0,1,5,6,3,3
Wisconsin,WI,Barron,46843,43.0,24.55,-0.71,5393.0,1,3,4,2,4
Wisconsin,WI,Bayfield,16608,41.1,28.51,-0.45,4535.0,1,5,4,2,4
Wisconsin,WI,Brown,270036,46.4,30.51,0.19,7739.0,2,1,4,6,7
Wisconsin,WI,Buffalo,13391,46.2,28.16,-0.21,5281.0,2,6,4,4,4
Wisconsin,WI,Burnett,17036,43.0,25.7,-0.61,4520.0,1,5,4,2,4
Wisconsin,WI,Calumet,52718,46.8,31.06,0.2,6697.0,2,3,6,6,6
Wisconsin,WI,Chippewa,66807,44.1,28.03,-0.33,5593.0,1,2,4,3,5
Wisconsin,WI,Clark,34691,44.4,29.49,-0.32,4999.0,1,4,4,3,4
Wisconsin,WI,Columbia,58193,47.8,31.07,0.07,7259.0,2,3,6,5,7
Wisconsin,WI,Crawford,16007,47.5,26.04,-0.31,5254.0,2,5,4,3,4
Wisconsin,WI,Dane,568203,48.4,32.83,0.16,9807.0,2,1,6,6,7
Wisconsin,WI,Dodge,88282,47.5,31.95,0.36,7217.0,2,2,6,7,7
Wisconsin,WI,Door,30526,44.9,29.39,-0.04,5976.0,1,4,4,5,5
Wisconsin,WI,Douglas,44144,41.3,25.59,-0.76,4637.0,1,3,4,1,4
Wisconsin,WI,Dunn,45651,44.7,28.71,-0.29,5448.0,1,3,4,3,4
Wisconsin,WI,Eau-Claire,106837,45.1,29.26,-0.37,0.0,1,2,4,3,2
Wisconsin,WI,Florence,4688,41.9,27.6,-0.66,4495.0,1,7,4,2,4
Wisconsin,WI,Fond-du-Lac,103836,47.2,31.54,0.2,0.0,2,2,6,6,2
Wisconsin,WI,Forest,9381,41.3,30.18,-0.26,3859.0,1,6,4,3,3
Wisconsin,WI,Grant,51276,48.0,27.49,-0.32,6958.0,2,3,4,3,6
Wisconsin,WI,Green,36816,48.4,32.81,0.22,7093.0,2,4,6,6,6
Wisconsin,WI,Green-Lake,19220,47.4,31.37,0.18,0.0,2,5,6,6,2
Wisconsin,WI,Iowa,23865,47.7,30.28,-0.15,6775.0,2,5,4,4,6
Wisconsin,WI,Iron,6224,40.2,33.68,0.04,4124.0,1,7,7,5,3
Wisconsin,WI,Jackson,20836,45.9,29.99,-0.19,5377.0,1,5,4,4,4
Wisconsin,WI,Jefferson,85784,48.4,33.47,0.4,7430.0,2,2,6,7,7
Wisconsin,WI,Juneau,26866,46.4,29.57,0.08,5070.0,2,4,4,5,4
Wisconsin,WI,Kenosha,167817,49.8,32.87,-0.08,8036.0,2,1,6,5,7
Wisconsin,WI,Kewaunee,20623,45.8,27.41,-0.18,6153.0,1,5,4,4,5
Wisconsin,WI,La-Crosse,120294,46.6,28.38,-0.08,0.0,2,2,4,5,2
Wisconsin,WI,Lafayette,16877,47.8,31.78,0.13,6795.0,2,5,6,6,6
Wisconsin,WI,Langlade,19559,42.3,28.15,-0.65,4739.0,1,5,4,2,4
Wisconsin,WI,Lincoln,28376,42.4,26.85,-0.58,5276.0,1,4,4,2,4
Wisconsin,WI,Manitowoc,81172,46.6,28.76,-0.11,6106.0,2,2,4,4,5
Wisconsin,WI,Marathon,137958,44.3,30.51,-0.15,5871.0,1,1,4,4,5
Wisconsin,WI,Marinette,41988,44.1,29.72,-0.16,4804.0,1,3,4,4,4
Wisconsin,WI,Marquette,15779,47.3,30.5,0.14,5154.0,2,5,4,6,4
Wisconsin,WI,Menominee,4197,44.3,30.35,-0.37,4070.0,1,7,4,3,3
Wisconsin,WI,Milwaukee,918661,49.4,33.5,0.41,9011.0,2,1,6,7,7
Wisconsin,WI,Monroe,46109,45.6,28.01,-0.15,5614.0,1,3,4,4,5
Wisconsin,WI,Oconto,39633,44.6,31.7,0.18,5450.0,1,3,6,6,4
Wisconsin,WI,Oneida,38212,41.1,29.54,-0.17,4513.0,1,3,4,4,4
Wisconsin,WI,Outagamie,192127,46.7,31.32,0.31,7239.0,2,1,6,6,7
Wisconsin,WI,Ozaukee,93009,48.0,29.99,0.13,8103.0,2,2,4,6,7
Wisconsin,WI,Pepin,7410,45.9,28.93,-0.28,5737.0,1,7,4,3,5
Wisconsin,WI,Pierce,42532,45.0,28.27,-0.31,6387.0,1,3,4,3,6
Wisconsin,WI,Polk,45709,43.6,26.87,-0.32,5269.0,1,3,4,3,4
Wisconsin,WI,Portage,70718,45.7,29.76,0.01,5977.0,1,2,4,5,5
Wisconsin,WI,Price,14179,41.3,26.58,-0.98,4252.0,1,6,4,1,3
Wisconsin,WI,Racine,195846,49.3,34.03,0.16,8018.0,2,1,7,6,7
Wisconsin,WI,Richland,17090,47.4,26.95,-0.31,5657.0,2,5,4,3,5
Wisconsin,WI,Rock,164060,48.9,33.16,0.19,7534.0,2,1,6,6,7
Wisconsin,WI,Rusk,14186,42.7,26.96,-0.6,4679.0,1,6,4,2,4
Wisconsin,WI,St.-Croix,96017,44.5,27.65,-0.39,0.0,1,2,4,3,2
Wisconsin,WI,Sauk,65777,47.2,29.11,-0.19,6499.0,2,2,4,4,6
Wisconsin,WI,Sawyer,18559,41.6,26.46,-0.8,4442.0,1,5,4,1,4
Wisconsin,WI,Shawano,40886,45.3,30.99,-0.06,5513.0,1,3,6,5,5
Wisconsin,WI,Sheboygan,117841,47.3,30.39,-0.07,6922.0,2,2,4,5,6
Wisconsin,WI,Taylor,19975,42.7,28.7,-0.22,4993.0,1,5,4,4,4
Wisconsin,WI,Trempealeau,30899,46.1,28.77,-0.14,5391.0,2,4,4,4,4
Wisconsin,WI,Vernon,31060,46.2,26.27,-0.24,5738.0,2,4,4,3,5
Wisconsin,WI,Vilas,23763,40.2,32.6,0.03,4452.0,1,5,6,5,4
Wisconsin,WI,Walworth,105380,48.5,33.44,0.18,7802.0,2,2,6,6,7
Wisconsin,WI,Washburn,16911,42.1,25.48,-0.7,4524.0,1,5,4,2,4
Wisconsin,WI,Washington,137688,47.1,31.53,0.36,7932.0,2,1,6,7,7
Wisconsin,WI,Waukesha,410434,48.3,35.1,0.6,9686.0,2,1,7,7,7
Wisconsin,WI,Waupaca,51488,46.6,30.54,0.14,5558.0,2,3,4,6,5
Wisconsin,WI,Waushara,24999,46.9,29.93,-0.03,5197.0,2,5,4,5,4
Wisconsin,WI,Winnebago,170718,47.4,31.93,0.35,7724.0,2,1,6,7,7
Wisconsin,WI,Wood,73993,45.5,28.78,-0.14,5966.0,1,2,4,4,5
